SessionDate,SessionName,ChannelNumber,Region,Probe
01/28/2021,George00_rec14,65,LCN,3
01/28/2021,George00_rec14,66,LCN,3
01/28/2021,George00_rec14,67,LCN,3
01/28/2021,George00_rec14,68,LCN,3
01/28/2021,George00_rec14,69,LCN,3
01/28/2021,George00_rec14,70,LCN,3
01/28/2021,George00_rec14,71,LCN,3
01/28/2021,George00_rec14,72,LCN,3
01/28/2021,George00_rec14,73,LCN,3
01/28/2021,George00_rec14,74,LCN,3
01/28/2021,George00_rec14,75,LCN,3
01/28/2021,George00_rec14,76,LCN,3
01/28/2021,George00_rec14,77,LCN,3
01/28/2021,George00_rec14,78,LCN,3
01/28/2021,George00_rec14,79,LCN,3
01/28/2021,George00_rec14,80,LCN,3
01/28/2021,George00_rec14,81,LCN,3
01/28/2021,George00_rec14,82,LCN,3
01/28/2021,George00_rec14,83,LCN,3
01/28/2021,George00_rec14,84,LCN,3
01/28/2021,George00_rec14,85,LCN,3
01/28/2021,George00_rec14,86,LCN,3
01/28/2021,George00_rec14,87,LCN,3
01/28/2021,George00_rec14,88,LCN,3
01/28/2021,George00_rec14,89,LCN,3
01/28/2021,George00_rec14,90,LCN,3
01/28/2021,George00_rec14,91,LCN,3
01/28/2021,George00_rec14,92,LCN,3
01/28/2021,George00_rec14,93,LCN,3
01/28/2021,George00_rec14,94,LCN,3
01/28/2021,George00_rec14,95,LCN,3
01/28/2021,George00_rec14,96,LCN,3
01/28/2021,George00_rec14,97,LCN,4
01/28/2021,George00_rec14,98,LCN,4
01/28/2021,George00_rec14,99,LCN,4
01/28/2021,George00_rec14,100,LCN,4
01/28/2021,George00_rec14,101,LCN,4
01/28/2021,George00_rec14,102,LCN,4
01/28/2021,George00_rec14,103,LCN,4
01/28/2021,George00_rec14,104,LCN,4
01/28/2021,George00_rec14,105,LCN,4
01/28/2021,George00_rec14,106,LCN,4
01/28/2021,George00_rec14,107,LCN,4
01/28/2021,George00_rec14,108,LCN,4
01/28/2021,George00_rec14,109,LCN,4
01/28/2021,George00_rec14,110,LCN,4
01/28/2021,George00_rec14,111,LCN,4
01/28/2021,George00_rec14,112,LCN,4
01/28/2021,George00_rec14,113,LCN,4
01/28/2021,George00_rec14,114,LCN,4
01/28/2021,George00_rec14,115,LCN,4
01/28/2021,George00_rec14,116,LCN,4
01/28/2021,George00_rec14,117,LCN,4
01/28/2021,George00_rec14,118,LCN,4
01/28/2021,George00_rec14,119,LCN,4
01/28/2021,George00_rec14,120,LCN,4
01/28/2021,George00_rec14,121,LCN,4
01/28/2021,George00_rec14,122,LCN,4
01/28/2021,George00_rec14,123,LCN,4
01/28/2021,George00_rec14,124,LCN,4
01/28/2021,George00_rec14,125,LCN,4
01/28/2021,George00_rec14,126,LCN,4
01/28/2021,George00_rec14,127,LCN,4
01/28/2021,George00_rec14,128,LCN,4
01/28/2021,George00_rec14,193,RCN,7
01/28/2021,George00_rec14,194,RCN,7
01/28/2021,George00_rec14,195,RCN,7
01/28/2021,George00_rec14,196,RCN,7
01/28/2021,George00_rec14,197,RCN,7
01/28/2021,George00_rec14,198,RCN,7
01/28/2021,George00_rec14,199,RCN,7
01/28/2021,George00_rec14,200,RCN,7
01/28/2021,George00_rec14,201,RCN,7
01/28/2021,George00_rec14,202,RCN,7
01/28/2021,George00_rec14,203,RCN,7
01/28/2021,George00_rec14,204,RCN,7
01/28/2021,George00_rec14,205,RCN,7
01/28/2021,George00_rec14,206,RCN,7
01/28/2021,George00_rec14,207,RCN,7
01/28/2021,George00_rec14,208,RCN,7
01/28/2021,George00_rec14,209,RCN,7
01/28/2021,George00_rec14,210,RCN,7
01/28/2021,George00_rec14,211,RCN,7
01/28/2021,George00_rec14,212,RCN,7
01/28/2021,George00_rec14,213,RCN,7
01/28/2021,George00_rec14,214,RCN,7
01/28/2021,George00_rec14,215,RCN,7
01/28/2021,George00_rec14,216,RCN,7
01/28/2021,George00_rec14,217,RCN,7
01/28/2021,George00_rec14,218,RCN,7
01/28/2021,George00_rec14,219,RCN,7
01/28/2021,George00_rec14,220,RCN,7
01/28/2021,George00_rec14,221,RCN,7
01/28/2021,George00_rec14,222,RCN,7
01/28/2021,George00_rec14,223,RCN,7
01/28/2021,George00_rec14,224,RCN,7
02/01/2021,George00_rec15,1,LOFC,1
02/01/2021,George00_rec15,2,LOFC,1
02/01/2021,George00_rec15,3,LOFC,1
02/01/2021,George00_rec15,4,LOFC,1
02/01/2021,George00_rec15,5,LOFC,1
02/01/2021,George00_rec15,6,LOFC,1
02/01/2021,George00_rec15,7,LOFC,1
02/01/2021,George00_rec15,8,LOFC,1
02/01/2021,George00_rec15,9,LOFC,1
02/01/2021,George00_rec15,10,LOFC,1
02/01/2021,George00_rec15,11,LOFC,1
02/01/2021,George00_rec15,12,LOFC,1
02/01/2021,George00_rec15,13,LOFC,1
02/01/2021,George00_rec15,14,LOFC,1
02/01/2021,George00_rec15,15,LOFC,1
02/01/2021,George00_rec15,16,LOFC,1
02/01/2021,George00_rec15,17,LOFC,1
02/01/2021,George00_rec15,18,LOFC,1
02/01/2021,George00_rec15,19,LOFC,1
02/01/2021,George00_rec15,20,LOFC,1
02/01/2021,George00_rec15,21,LOFC,1
02/01/2021,George00_rec15,22,LOFC,1
02/01/2021,George00_rec15,23,LOFC,1
02/01/2021,George00_rec15,24,LOFC,1
02/01/2021,George00_rec15,25,LOFC,1
02/01/2021,George00_rec15,26,LOFC,1
02/01/2021,George00_rec15,27,LOFC,1
02/01/2021,George00_rec15,28,LOFC,1
02/01/2021,George00_rec15,29,LOFC,1
02/01/2021,George00_rec15,30,LOFC,1
02/01/2021,George00_rec15,31,LOFC,1
02/01/2021,George00_rec15,32,LOFC,1
02/01/2021,George00_rec15,33,LOFC,2
02/01/2021,George00_rec15,34,LOFC,2
02/01/2021,George00_rec15,35,LOFC,2
02/01/2021,George00_rec15,36,LOFC,2
02/01/2021,George00_rec15,37,LOFC,2
02/01/2021,George00_rec15,38,LOFC,2
02/01/2021,George00_rec15,39,LOFC,2
02/01/2021,George00_rec15,40,LOFC,2
02/01/2021,George00_rec15,41,LOFC,2
02/01/2021,George00_rec15,42,LOFC,2
02/01/2021,George00_rec15,43,LOFC,2
02/01/2021,George00_rec15,44,LOFC,2
02/01/2021,George00_rec15,45,LOFC,2
02/01/2021,George00_rec15,46,LOFC,2
02/01/2021,George00_rec15,47,LOFC,2
02/01/2021,George00_rec15,48,LOFC,2
02/01/2021,George00_rec15,49,LOFC,2
02/01/2021,George00_rec15,50,LOFC,2
02/01/2021,George00_rec15,51,LOFC,2
02/01/2021,George00_rec15,52,LOFC,2
02/01/2021,George00_rec15,53,LOFC,2
02/01/2021,George00_rec15,54,LOFC,2
02/01/2021,George00_rec15,55,LOFC,2
02/01/2021,George00_rec15,56,LOFC,2
02/01/2021,George00_rec15,57,LOFC,2
02/01/2021,George00_rec15,58,LOFC,2
02/01/2021,George00_rec15,59,LOFC,2
02/01/2021,George00_rec15,60,LOFC,2
02/01/2021,George00_rec15,61,LOFC,2
02/01/2021,George00_rec15,62,LOFC,2
02/01/2021,George00_rec15,63,LOFC,2
02/01/2021,George00_rec15,64,LOFC,2
02/01/2021,George00_rec15,65,LCN,3
02/01/2021,George00_rec15,66,LCN,3
02/01/2021,George00_rec15,67,LCN,3
02/01/2021,George00_rec15,68,LCN,3
02/01/2021,George00_rec15,69,LCN,3
02/01/2021,George00_rec15,70,LCN,3
02/01/2021,George00_rec15,71,LCN,3
02/01/2021,George00_rec15,72,LCN,3
02/01/2021,George00_rec15,73,LCN,3
02/01/2021,George00_rec15,74,LCN,3
02/01/2021,George00_rec15,75,LCN,3
02/01/2021,George00_rec15,76,LCN,3
02/01/2021,George00_rec15,77,LCN,3
02/01/2021,George00_rec15,78,LCN,3
02/01/2021,George00_rec15,79,LCN,3
02/01/2021,George00_rec15,80,LCN,3
02/01/2021,George00_rec15,81,LCN,3
02/01/2021,George00_rec15,82,LCN,3
02/01/2021,George00_rec15,83,LCN,3
02/01/2021,George00_rec15,84,LCN,3
02/01/2021,George00_rec15,85,LCN,3
02/01/2021,George00_rec15,86,LCN,3
02/01/2021,George00_rec15,87,LCN,3
02/01/2021,George00_rec15,88,LCN,3
02/01/2021,George00_rec15,89,LCN,3
02/01/2021,George00_rec15,90,LCN,3
02/01/2021,George00_rec15,91,LCN,3
02/01/2021,George00_rec15,92,LCN,3
02/01/2021,George00_rec15,93,LCN,3
02/01/2021,George00_rec15,94,LCN,3
02/01/2021,George00_rec15,95,LCN,3
02/01/2021,George00_rec15,96,LCN,3
02/01/2021,George00_rec15,97,LCN,4
02/01/2021,George00_rec15,98,LCN,4
02/01/2021,George00_rec15,99,LCN,4
02/01/2021,George00_rec15,100,LCN,4
02/01/2021,George00_rec15,101,LCN,4
02/01/2021,George00_rec15,102,LCN,4
02/01/2021,George00_rec15,103,LCN,4
02/01/2021,George00_rec15,104,LCN,4
02/01/2021,George00_rec15,105,LCN,4
02/01/2021,George00_rec15,106,LCN,4
02/01/2021,George00_rec15,107,LCN,4
02/01/2021,George00_rec15,108,LCN,4
02/01/2021,George00_rec15,109,LCN,4
02/01/2021,George00_rec15,110,LCN,4
02/01/2021,George00_rec15,111,LCN,4
02/01/2021,George00_rec15,112,LCN,4
02/01/2021,George00_rec15,113,LCN,4
02/01/2021,George00_rec15,114,LCN,4
02/01/2021,George00_rec15,115,LCN,4
02/01/2021,George00_rec15,116,LCN,4
02/01/2021,George00_rec15,117,LCN,4
02/01/2021,George00_rec15,118,LCN,4
02/01/2021,George00_rec15,119,LCN,4
02/01/2021,George00_rec15,120,LCN,4
02/01/2021,George00_rec15,121,LCN,4
02/01/2021,George00_rec15,122,LCN,4
02/01/2021,George00_rec15,123,LCN,4
02/01/2021,George00_rec15,124,LCN,4
02/01/2021,George00_rec15,125,LCN,4
02/01/2021,George00_rec15,126,LCN,4
02/01/2021,George00_rec15,127,LCN,4
02/01/2021,George00_rec15,128,LCN,4
02/01/2021,George00_rec15,129,ROFC,5
02/01/2021,George00_rec15,130,ROFC,5
02/01/2021,George00_rec15,131,ROFC,5
02/01/2021,George00_rec15,132,ROFC,5
02/01/2021,George00_rec15,133,ROFC,5
02/01/2021,George00_rec15,134,ROFC,5
02/01/2021,George00_rec15,135,ROFC,5
02/01/2021,George00_rec15,136,ROFC,5
02/01/2021,George00_rec15,137,ROFC,5
02/01/2021,George00_rec15,138,ROFC,5
02/01/2021,George00_rec15,139,ROFC,5
02/01/2021,George00_rec15,140,ROFC,5
02/01/2021,George00_rec15,141,ROFC,5
02/01/2021,George00_rec15,142,ROFC,5
02/01/2021,George00_rec15,143,ROFC,5
02/01/2021,George00_rec15,144,ROFC,5
02/01/2021,George00_rec15,145,ROFC,5
02/01/2021,George00_rec15,146,ROFC,5
02/01/2021,George00_rec15,147,ROFC,5
02/01/2021,George00_rec15,148,ROFC,5
02/01/2021,George00_rec15,149,ROFC,5
02/01/2021,George00_rec15,150,ROFC,5
02/01/2021,George00_rec15,151,ROFC,5
02/01/2021,George00_rec15,152,ROFC,5
02/01/2021,George00_rec15,153,ROFC,5
02/01/2021,George00_rec15,154,ROFC,5
02/01/2021,George00_rec15,155,ROFC,5
02/01/2021,George00_rec15,156,ROFC,5
02/01/2021,George00_rec15,157,ROFC,5
02/01/2021,George00_rec15,158,ROFC,5
02/01/2021,George00_rec15,159,ROFC,5
02/01/2021,George00_rec15,160,ROFC,5
02/01/2021,George00_rec15,161,ROFC,6
02/01/2021,George00_rec15,162,ROFC,6
02/01/2021,George00_rec15,163,ROFC,6
02/01/2021,George00_rec15,164,ROFC,6
02/01/2021,George00_rec15,165,ROFC,6
02/01/2021,George00_rec15,166,ROFC,6
02/01/2021,George00_rec15,167,ROFC,6
02/01/2021,George00_rec15,168,ROFC,6
02/01/2021,George00_rec15,169,ROFC,6
02/01/2021,George00_rec15,170,ROFC,6
02/01/2021,George00_rec15,171,ROFC,6
02/01/2021,George00_rec15,172,ROFC,6
02/01/2021,George00_rec15,173,ROFC,6
02/01/2021,George00_rec15,174,ROFC,6
02/01/2021,George00_rec15,175,ROFC,6
02/01/2021,George00_rec15,176,ROFC,6
02/01/2021,George00_rec15,177,ROFC,6
02/01/2021,George00_rec15,178,ROFC,6
02/01/2021,George00_rec15,179,ROFC,6
02/01/2021,George00_rec15,180,ROFC,6
02/01/2021,George00_rec15,181,ROFC,6
02/01/2021,George00_rec15,182,ROFC,6
02/01/2021,George00_rec15,183,ROFC,6
02/01/2021,George00_rec15,184,ROFC,6
02/01/2021,George00_rec15,185,ROFC,6
02/01/2021,George00_rec15,186,ROFC,6
02/01/2021,George00_rec15,187,ROFC,6
02/01/2021,George00_rec15,188,ROFC,6
02/01/2021,George00_rec15,189,ROFC,6
02/01/2021,George00_rec15,190,ROFC,6
02/01/2021,George00_rec15,191,ROFC,6
02/01/2021,George00_rec15,192,ROFC,6
02/01/2021,George00_rec15,193,RCN,7
02/01/2021,George00_rec15,194,RCN,7
02/01/2021,George00_rec15,195,RCN,7
02/01/2021,George00_rec15,196,RCN,7
02/01/2021,George00_rec15,197,RCN,7
02/01/2021,George00_rec15,198,RCN,7
02/01/2021,George00_rec15,199,RCN,7
02/01/2021,George00_rec15,200,RCN,7
02/01/2021,George00_rec15,201,RCN,7
02/01/2021,George00_rec15,202,RCN,7
02/01/2021,George00_rec15,203,RCN,7
02/01/2021,George00_rec15,204,RCN,7
02/01/2021,George00_rec15,205,RCN,7
02/01/2021,George00_rec15,206,RCN,7
02/01/2021,George00_rec15,207,RCN,7
02/01/2021,George00_rec15,208,RCN,7
02/01/2021,George00_rec15,209,RCN,7
02/01/2021,George00_rec15,210,RCN,7
02/01/2021,George00_rec15,211,RCN,7
02/01/2021,George00_rec15,212,RCN,7
02/01/2021,George00_rec15,213,RCN,7
02/01/2021,George00_rec15,214,RCN,7
02/01/2021,George00_rec15,215,RCN,7
02/01/2021,George00_rec15,216,RCN,7
02/01/2021,George00_rec15,217,RCN,7
02/01/2021,George00_rec15,218,RCN,7
02/01/2021,George00_rec15,219,RCN,7
02/01/2021,George00_rec15,220,RCN,7
02/01/2021,George00_rec15,221,RCN,7
02/01/2021,George00_rec15,222,RCN,7
02/01/2021,George00_rec15,223,RCN,7
02/01/2021,George00_rec15,224,RCN,7
02/01/2021,George00_rec15,225,RCN,8
02/01/2021,George00_rec15,226,RCN,8
02/01/2021,George00_rec15,227,RCN,8
02/01/2021,George00_rec15,228,RCN,8
02/01/2021,George00_rec15,229,RCN,8
02/01/2021,George00_rec15,230,RCN,8
02/01/2021,George00_rec15,231,RCN,8
02/01/2021,George00_rec15,232,RCN,8
02/01/2021,George00_rec15,233,RCN,8
02/01/2021,George00_rec15,234,RCN,8
02/01/2021,George00_rec15,235,RCN,8
02/01/2021,George00_rec15,236,RCN,8
02/01/2021,George00_rec15,237,RCN,8
02/01/2021,George00_rec15,238,RCN,8
02/01/2021,George00_rec15,239,RCN,8
02/01/2021,George00_rec15,240,RCN,8
02/01/2021,George00_rec15,241,RCN,8
02/01/2021,George00_rec15,242,RCN,8
02/01/2021,George00_rec15,243,RCN,8
02/01/2021,George00_rec15,244,RCN,8
02/01/2021,George00_rec15,245,RCN,8
02/01/2021,George00_rec15,246,RCN,8
02/01/2021,George00_rec15,247,RCN,8
02/01/2021,George00_rec15,248,RCN,8
02/01/2021,George00_rec15,249,RCN,8
02/01/2021,George00_rec15,250,RCN,8
02/01/2021,George00_rec15,251,RCN,8
02/01/2021,George00_rec15,252,RCN,8
02/01/2021,George00_rec15,253,RCN,8
02/01/2021,George00_rec15,254,RCN,8
02/01/2021,George00_rec15,255,RCN,8
02/01/2021,George00_rec15,256,RCN,8
02/05/2021,George00_rec16,97,LCN,4
02/05/2021,George00_rec16,98,LCN,4
02/05/2021,George00_rec16,99,LCN,4
02/05/2021,George00_rec16,100,LCN,4
02/05/2021,George00_rec16,101,LCN,4
02/05/2021,George00_rec16,102,LCN,4
02/05/2021,George00_rec16,103,LCN,4
02/05/2021,George00_rec16,104,LCN,4
02/05/2021,George00_rec16,105,LCN,4
02/05/2021,George00_rec16,106,LCN,4
02/05/2021,George00_rec16,107,LCN,4
02/05/2021,George00_rec16,108,LCN,4
02/05/2021,George00_rec16,109,LCN,4
02/05/2021,George00_rec16,110,LCN,4
02/05/2021,George00_rec16,111,LCN,4
02/05/2021,George00_rec16,112,LCN,4
02/05/2021,George00_rec16,113,LCN,4
02/05/2021,George00_rec16,114,LCN,4
02/05/2021,George00_rec16,115,LCN,4
02/05/2021,George00_rec16,116,LCN,4
02/05/2021,George00_rec16,117,LCN,4
02/05/2021,George00_rec16,118,LCN,4
02/05/2021,George00_rec16,119,LCN,4
02/05/2021,George00_rec16,120,LCN,4
02/05/2021,George00_rec16,121,LCN,4
02/05/2021,George00_rec16,122,LCN,4
02/05/2021,George00_rec16,123,LCN,4
02/05/2021,George00_rec16,124,LCN,4
02/05/2021,George00_rec16,125,LCN,4
02/05/2021,George00_rec16,126,LCN,4
02/05/2021,George00_rec16,127,LCN,4
02/05/2021,George00_rec16,128,LCN,4
02/05/2021,George00_rec16,193,RCN,7
02/05/2021,George00_rec16,194,RCN,7
02/05/2021,George00_rec16,195,RCN,7
02/05/2021,George00_rec16,196,RCN,7
02/05/2021,George00_rec16,197,RCN,7
02/05/2021,George00_rec16,198,RCN,7
02/05/2021,George00_rec16,199,RCN,7
02/05/2021,George00_rec16,200,RCN,7
02/05/2021,George00_rec16,201,RCN,7
02/05/2021,George00_rec16,202,RCN,7
02/05/2021,George00_rec16,203,RCN,7
02/05/2021,George00_rec16,204,RCN,7
02/05/2021,George00_rec16,205,RCN,7
02/05/2021,George00_rec16,206,RCN,7
02/05/2021,George00_rec16,207,RCN,7
02/05/2021,George00_rec16,208,RCN,7
02/05/2021,George00_rec16,209,RCN,7
02/05/2021,George00_rec16,210,RCN,7
02/05/2021,George00_rec16,211,RCN,7
02/05/2021,George00_rec16,212,RCN,7
02/05/2021,George00_rec16,213,RCN,7
02/05/2021,George00_rec16,214,RCN,7
02/05/2021,George00_rec16,215,RCN,7
02/05/2021,George00_rec16,216,RCN,7
02/05/2021,George00_rec16,217,RCN,7
02/05/2021,George00_rec16,218,RCN,7
02/05/2021,George00_rec16,219,RCN,7
02/05/2021,George00_rec16,220,RCN,7
02/05/2021,George00_rec16,221,RCN,7
02/05/2021,George00_rec16,222,RCN,7
02/05/2021,George00_rec16,223,RCN,7
02/05/2021,George00_rec16,224,RCN,7
02/05/2021,George00_rec16,225,RCN,8
02/05/2021,George00_rec16,226,RCN,8
02/05/2021,George00_rec16,227,RCN,8
02/05/2021,George00_rec16,228,RCN,8
02/05/2021,George00_rec16,229,RCN,8
02/05/2021,George00_rec16,230,RCN,8
02/05/2021,George00_rec16,231,RCN,8
02/05/2021,George00_rec16,232,RCN,8
02/05/2021,George00_rec16,233,RCN,8
02/05/2021,George00_rec16,234,RCN,8
02/05/2021,George00_rec16,235,RCN,8
02/05/2021,George00_rec16,236,RCN,8
02/05/2021,George00_rec16,237,RCN,8
02/05/2021,George00_rec16,238,RCN,8
02/05/2021,George00_rec16,239,RCN,8
02/05/2021,George00_rec16,240,RCN,8
02/05/2021,George00_rec16,241,RCN,8
02/05/2021,George00_rec16,242,RCN,8
02/05/2021,George00_rec16,243,RCN,8
02/05/2021,George00_rec16,244,RCN,8
02/05/2021,George00_rec16,245,RCN,8
02/05/2021,George00_rec16,246,RCN,8
02/05/2021,George00_rec16,247,RCN,8
02/05/2021,George00_rec16,248,RCN,8
02/05/2021,George00_rec16,249,RCN,8
02/05/2021,George00_rec16,250,RCN,8
02/05/2021,George00_rec16,251,RCN,8
02/05/2021,George00_rec16,252,RCN,8
02/05/2021,George00_rec16,253,RCN,8
02/05/2021,George00_rec16,254,RCN,8
02/05/2021,George00_rec16,255,RCN,8
02/05/2021,George00_rec16,256,RCN,8
02/09/201,George00_rec17,97,LCN,4
02/09/201,George00_rec17,98,LCN,4
02/09/201,George00_rec17,99,LCN,4
02/09/201,George00_rec17,100,LCN,4
02/09/201,George00_rec17,101,LCN,4
02/09/201,George00_rec17,102,LCN,4
02/09/201,George00_rec17,103,LCN,4
02/09/201,George00_rec17,104,LCN,4
02/09/201,George00_rec17,105,LCN,4
02/09/201,George00_rec17,106,LCN,4
02/09/201,George00_rec17,107,LCN,4
02/09/201,George00_rec17,108,LCN,4
02/09/201,George00_rec17,109,LCN,4
02/09/201,George00_rec17,110,LCN,4
02/09/201,George00_rec17,111,LCN,4
02/09/201,George00_rec17,112,LCN,4
02/09/201,George00_rec17,113,LCN,4
02/09/201,George00_rec17,114,LCN,4
02/09/201,George00_rec17,115,LCN,4
02/09/201,George00_rec17,116,LCN,4
02/09/201,George00_rec17,117,LCN,4
02/09/201,George00_rec17,118,LCN,4
02/09/201,George00_rec17,119,LCN,4
02/09/201,George00_rec17,120,LCN,4
02/09/201,George00_rec17,121,LCN,4
02/09/201,George00_rec17,122,LCN,4
02/09/201,George00_rec17,123,LCN,4
02/09/201,George00_rec17,124,LCN,4
02/09/201,George00_rec17,125,LCN,4
02/09/201,George00_rec17,126,LCN,4
02/09/201,George00_rec17,127,LCN,4
02/09/201,George00_rec17,128,LCN,4
02/09/201,George00_rec17,193,RCN,7
02/09/201,George00_rec17,194,RCN,7
02/09/201,George00_rec17,195,RCN,7
02/09/201,George00_rec17,196,RCN,7
02/09/201,George00_rec17,197,RCN,7
02/09/201,George00_rec17,198,RCN,7
02/09/201,George00_rec17,199,RCN,7
02/09/201,George00_rec17,200,RCN,7
02/09/201,George00_rec17,201,RCN,7
02/09/201,George00_rec17,202,RCN,7
02/09/201,George00_rec17,203,RCN,7
02/09/201,George00_rec17,204,RCN,7
02/09/201,George00_rec17,205,RCN,7
02/09/201,George00_rec17,206,RCN,7
02/09/201,George00_rec17,207,RCN,7
02/09/201,George00_rec17,208,RCN,7
02/09/201,George00_rec17,209,RCN,7
02/09/201,George00_rec17,210,RCN,7
02/09/201,George00_rec17,211,RCN,7
02/09/201,George00_rec17,212,RCN,7
02/09/201,George00_rec17,213,RCN,7
02/09/201,George00_rec17,214,RCN,7
02/09/201,George00_rec17,215,RCN,7
02/09/201,George00_rec17,216,RCN,7
02/09/201,George00_rec17,217,RCN,7
02/09/201,George00_rec17,218,RCN,7
02/09/201,George00_rec17,219,RCN,7
02/09/201,George00_rec17,220,RCN,7
02/09/201,George00_rec17,221,RCN,7
02/09/201,George00_rec17,222,RCN,7
02/09/201,George00_rec17,223,RCN,7
02/09/201,George00_rec17,224,RCN,7
02/09/201,George00_rec17,225,RCN,8
02/09/201,George00_rec17,226,RCN,8
02/09/201,George00_rec17,227,RCN,8
02/09/201,George00_rec17,228,RCN,8
02/09/201,George00_rec17,229,RCN,8
02/09/201,George00_rec17,230,RCN,8
02/09/201,George00_rec17,231,RCN,8
02/09/201,George00_rec17,232,RCN,8
02/09/201,George00_rec17,233,RCN,8
02/09/201,George00_rec17,234,RCN,8
02/09/201,George00_rec17,235,RCN,8
02/09/201,George00_rec17,236,RCN,8
02/09/201,George00_rec17,237,RCN,8
02/09/201,George00_rec17,238,RCN,8
02/09/201,George00_rec17,239,RCN,8
02/09/201,George00_rec17,240,RCN,8
02/09/201,George00_rec17,241,RCN,8
02/09/201,George00_rec17,242,RCN,8
02/09/201,George00_rec17,243,RCN,8
02/09/201,George00_rec17,244,RCN,8
02/09/201,George00_rec17,245,RCN,8
02/09/201,George00_rec17,246,RCN,8
02/09/201,George00_rec17,247,RCN,8
02/09/201,George00_rec17,248,RCN,8
02/09/201,George00_rec17,249,RCN,8
02/09/201,George00_rec17,250,RCN,8
02/09/201,George00_rec17,251,RCN,8
02/09/201,George00_rec17,252,RCN,8
02/09/201,George00_rec17,253,RCN,8
02/09/201,George00_rec17,254,RCN,8
02/09/201,George00_rec17,255,RCN,8
02/09/201,George00_rec17,256,RCN,8
02/11/2021,George00_rec18,1,LOFC,1
02/11/2021,George00_rec18,2,LOFC,1
02/11/2021,George00_rec18,3,LOFC,1
02/11/2021,George00_rec18,4,LOFC,1
02/11/2021,George00_rec18,5,LOFC,1
02/11/2021,George00_rec18,6,LOFC,1
02/11/2021,George00_rec18,7,LOFC,1
02/11/2021,George00_rec18,8,LOFC,1
02/11/2021,George00_rec18,9,LOFC,1
02/11/2021,George00_rec18,10,LOFC,1
02/11/2021,George00_rec18,11,LOFC,1
02/11/2021,George00_rec18,12,LOFC,1
02/11/2021,George00_rec18,13,LOFC,1
02/11/2021,George00_rec18,14,LOFC,1
02/11/2021,George00_rec18,15,LOFC,1
02/11/2021,George00_rec18,16,LOFC,1
02/11/2021,George00_rec18,17,LOFC,1
02/11/2021,George00_rec18,18,LOFC,1
02/11/2021,George00_rec18,19,LOFC,1
02/11/2021,George00_rec18,20,LOFC,1
02/11/2021,George00_rec18,21,LOFC,1
02/11/2021,George00_rec18,22,LOFC,1
02/11/2021,George00_rec18,23,LOFC,1
02/11/2021,George00_rec18,24,LOFC,1
02/11/2021,George00_rec18,25,LOFC,1
02/11/2021,George00_rec18,26,LOFC,1
02/11/2021,George00_rec18,27,LOFC,1
02/11/2021,George00_rec18,28,LOFC,1
02/11/2021,George00_rec18,29,LOFC,1
02/11/2021,George00_rec18,30,LOFC,1
02/11/2021,George00_rec18,31,LOFC,1
02/11/2021,George00_rec18,32,LOFC,1
02/11/2021,George00_rec18,33,LOFC,2
02/11/2021,George00_rec18,34,LOFC,2
02/11/2021,George00_rec18,35,LOFC,2
02/11/2021,George00_rec18,36,LOFC,2
02/11/2021,George00_rec18,37,LOFC,2
02/11/2021,George00_rec18,38,LOFC,2
02/11/2021,George00_rec18,39,LOFC,2
02/11/2021,George00_rec18,40,LOFC,2
02/11/2021,George00_rec18,41,LOFC,2
02/11/2021,George00_rec18,42,LOFC,2
02/11/2021,George00_rec18,43,LOFC,2
02/11/2021,George00_rec18,44,LOFC,2
02/11/2021,George00_rec18,45,LOFC,2
02/11/2021,George00_rec18,46,LOFC,2
02/11/2021,George00_rec18,47,LOFC,2
02/11/2021,George00_rec18,48,LOFC,2
02/11/2021,George00_rec18,49,LOFC,2
02/11/2021,George00_rec18,50,LOFC,2
02/11/2021,George00_rec18,51,LOFC,2
02/11/2021,George00_rec18,52,LOFC,2
02/11/2021,George00_rec18,53,LOFC,2
02/11/2021,George00_rec18,54,LOFC,2
02/11/2021,George00_rec18,55,LOFC,2
02/11/2021,George00_rec18,56,LOFC,2
02/11/2021,George00_rec18,57,LOFC,2
02/11/2021,George00_rec18,58,LOFC,2
02/11/2021,George00_rec18,59,LOFC,2
02/11/2021,George00_rec18,60,LOFC,2
02/11/2021,George00_rec18,61,LOFC,2
02/11/2021,George00_rec18,62,LOFC,2
02/11/2021,George00_rec18,63,LOFC,2
02/11/2021,George00_rec18,64,LOFC,2
02/11/2021,George00_rec18,65,LCN,3
02/11/2021,George00_rec18,66,LCN,3
02/11/2021,George00_rec18,67,LCN,3
02/11/2021,George00_rec18,68,LCN,3
02/11/2021,George00_rec18,69,LCN,3
02/11/2021,George00_rec18,70,LCN,3
02/11/2021,George00_rec18,71,LCN,3
02/11/2021,George00_rec18,72,LCN,3
02/11/2021,George00_rec18,73,LCN,3
02/11/2021,George00_rec18,74,LCN,3
02/11/2021,George00_rec18,75,LCN,3
02/11/2021,George00_rec18,76,LCN,3
02/11/2021,George00_rec18,77,LCN,3
02/11/2021,George00_rec18,78,LCN,3
02/11/2021,George00_rec18,79,LCN,3
02/11/2021,George00_rec18,80,LCN,3
02/11/2021,George00_rec18,81,LCN,3
02/11/2021,George00_rec18,82,LCN,3
02/11/2021,George00_rec18,83,LCN,3
02/11/2021,George00_rec18,84,LCN,3
02/11/2021,George00_rec18,85,LCN,3
02/11/2021,George00_rec18,86,LCN,3
02/11/2021,George00_rec18,87,LCN,3
02/11/2021,George00_rec18,88,LCN,3
02/11/2021,George00_rec18,89,LCN,3
02/11/2021,George00_rec18,90,LCN,3
02/11/2021,George00_rec18,91,LCN,3
02/11/2021,George00_rec18,92,LCN,3
02/11/2021,George00_rec18,93,LCN,3
02/11/2021,George00_rec18,94,LCN,3
02/11/2021,George00_rec18,95,LCN,3
02/11/2021,George00_rec18,96,LCN,3
02/11/2021,George00_rec18,97,LCN,4
02/11/2021,George00_rec18,98,LCN,4
02/11/2021,George00_rec18,99,LCN,4
02/11/2021,George00_rec18,100,LCN,4
02/11/2021,George00_rec18,101,LCN,4
02/11/2021,George00_rec18,102,LCN,4
02/11/2021,George00_rec18,103,LCN,4
02/11/2021,George00_rec18,104,LCN,4
02/11/2021,George00_rec18,105,LCN,4
02/11/2021,George00_rec18,106,LCN,4
02/11/2021,George00_rec18,107,LCN,4
02/11/2021,George00_rec18,108,LCN,4
02/11/2021,George00_rec18,109,LCN,4
02/11/2021,George00_rec18,110,LCN,4
02/11/2021,George00_rec18,111,LCN,4
02/11/2021,George00_rec18,112,LCN,4
02/11/2021,George00_rec18,113,LCN,4
02/11/2021,George00_rec18,114,LCN,4
02/11/2021,George00_rec18,115,LCN,4
02/11/2021,George00_rec18,116,LCN,4
02/11/2021,George00_rec18,117,LCN,4
02/11/2021,George00_rec18,118,LCN,4
02/11/2021,George00_rec18,119,LCN,4
02/11/2021,George00_rec18,120,LCN,4
02/11/2021,George00_rec18,121,LCN,4
02/11/2021,George00_rec18,122,LCN,4
02/11/2021,George00_rec18,123,LCN,4
02/11/2021,George00_rec18,124,LCN,4
02/11/2021,George00_rec18,125,LCN,4
02/11/2021,George00_rec18,126,LCN,4
02/11/2021,George00_rec18,127,LCN,4
02/11/2021,George00_rec18,128,LCN,4
02/11/2021,George00_rec18,129,ROFC,5
02/11/2021,George00_rec18,130,ROFC,5
02/11/2021,George00_rec18,131,ROFC,5
02/11/2021,George00_rec18,132,ROFC,5
02/11/2021,George00_rec18,133,ROFC,5
02/11/2021,George00_rec18,134,ROFC,5
02/11/2021,George00_rec18,135,ROFC,5
02/11/2021,George00_rec18,136,ROFC,5
02/11/2021,George00_rec18,137,ROFC,5
02/11/2021,George00_rec18,138,ROFC,5
02/11/2021,George00_rec18,139,ROFC,5
02/11/2021,George00_rec18,140,ROFC,5
02/11/2021,George00_rec18,141,ROFC,5
02/11/2021,George00_rec18,142,ROFC,5
02/11/2021,George00_rec18,143,ROFC,5
02/11/2021,George00_rec18,144,ROFC,5
02/11/2021,George00_rec18,145,ROFC,5
02/11/2021,George00_rec18,146,ROFC,5
02/11/2021,George00_rec18,147,ROFC,5
02/11/2021,George00_rec18,148,ROFC,5
02/11/2021,George00_rec18,149,ROFC,5
02/11/2021,George00_rec18,150,ROFC,5
02/11/2021,George00_rec18,151,ROFC,5
02/11/2021,George00_rec18,152,ROFC,5
02/11/2021,George00_rec18,153,ROFC,5
02/11/2021,George00_rec18,154,ROFC,5
02/11/2021,George00_rec18,155,ROFC,5
02/11/2021,George00_rec18,156,ROFC,5
02/11/2021,George00_rec18,157,ROFC,5
02/11/2021,George00_rec18,158,ROFC,5
02/11/2021,George00_rec18,159,ROFC,5
02/11/2021,George00_rec18,160,ROFC,5
02/11/2021,George00_rec18,161,ROFC,6
02/11/2021,George00_rec18,162,ROFC,6
02/11/2021,George00_rec18,163,ROFC,6
02/11/2021,George00_rec18,164,ROFC,6
02/11/2021,George00_rec18,165,ROFC,6
02/11/2021,George00_rec18,166,ROFC,6
02/11/2021,George00_rec18,167,ROFC,6
02/11/2021,George00_rec18,168,ROFC,6
02/11/2021,George00_rec18,169,ROFC,6
02/11/2021,George00_rec18,170,ROFC,6
02/11/2021,George00_rec18,171,ROFC,6
02/11/2021,George00_rec18,172,ROFC,6
02/11/2021,George00_rec18,173,ROFC,6
02/11/2021,George00_rec18,174,ROFC,6
02/11/2021,George00_rec18,175,ROFC,6
02/11/2021,George00_rec18,176,ROFC,6
02/11/2021,George00_rec18,177,ROFC,6
02/11/2021,George00_rec18,178,ROFC,6
02/11/2021,George00_rec18,179,ROFC,6
02/11/2021,George00_rec18,180,ROFC,6
02/11/2021,George00_rec18,181,ROFC,6
02/11/2021,George00_rec18,182,ROFC,6
02/11/2021,George00_rec18,183,ROFC,6
02/11/2021,George00_rec18,184,ROFC,6
02/11/2021,George00_rec18,185,ROFC,6
02/11/2021,George00_rec18,186,ROFC,6
02/11/2021,George00_rec18,187,ROFC,6
02/11/2021,George00_rec18,188,ROFC,6
02/11/2021,George00_rec18,189,ROFC,6
02/11/2021,George00_rec18,190,ROFC,6
02/11/2021,George00_rec18,191,ROFC,6
02/11/2021,George00_rec18,192,ROFC,6
02/11/2021,George00_rec18,193,RCN,7
02/11/2021,George00_rec18,194,RCN,7
02/11/2021,George00_rec18,195,RCN,7
02/11/2021,George00_rec18,196,RCN,7
02/11/2021,George00_rec18,197,RCN,7
02/11/2021,George00_rec18,198,RCN,7
02/11/2021,George00_rec18,199,RCN,7
02/11/2021,George00_rec18,200,RCN,7
02/11/2021,George00_rec18,201,RCN,7
02/11/2021,George00_rec18,202,RCN,7
02/11/2021,George00_rec18,203,RCN,7
02/11/2021,George00_rec18,204,RCN,7
02/11/2021,George00_rec18,205,RCN,7
02/11/2021,George00_rec18,206,RCN,7
02/11/2021,George00_rec18,207,RCN,7
02/11/2021,George00_rec18,208,RCN,7
02/11/2021,George00_rec18,209,RCN,7
02/11/2021,George00_rec18,210,RCN,7
02/11/2021,George00_rec18,211,RCN,7
02/11/2021,George00_rec18,212,RCN,7
02/11/2021,George00_rec18,213,RCN,7
02/11/2021,George00_rec18,214,RCN,7
02/11/2021,George00_rec18,215,RCN,7
02/11/2021,George00_rec18,216,RCN,7
02/11/2021,George00_rec18,217,RCN,7
02/11/2021,George00_rec18,218,RCN,7
02/11/2021,George00_rec18,219,RCN,7
02/11/2021,George00_rec18,220,RCN,7
02/11/2021,George00_rec18,221,RCN,7
02/11/2021,George00_rec18,222,RCN,7
02/11/2021,George00_rec18,223,RCN,7
02/11/2021,George00_rec18,224,RCN,7
02/11/2021,George00_rec18,225,RCN,8
02/11/2021,George00_rec18,226,RCN,8
02/11/2021,George00_rec18,227,RCN,8
02/11/2021,George00_rec18,228,RCN,8
02/11/2021,George00_rec18,229,RCN,8
02/11/2021,George00_rec18,230,RCN,8
02/11/2021,George00_rec18,231,RCN,8
02/11/2021,George00_rec18,232,RCN,8
02/11/2021,George00_rec18,233,RCN,8
02/11/2021,George00_rec18,234,RCN,8
02/11/2021,George00_rec18,235,RCN,8
02/11/2021,George00_rec18,236,RCN,8
02/11/2021,George00_rec18,237,RCN,8
02/11/2021,George00_rec18,238,RCN,8
02/11/2021,George00_rec18,239,RCN,8
02/11/2021,George00_rec18,240,RCN,8
02/11/2021,George00_rec18,241,RCN,8
02/11/2021,George00_rec18,242,RCN,8
02/11/2021,George00_rec18,243,RCN,8
02/11/2021,George00_rec18,244,RCN,8
02/11/2021,George00_rec18,245,RCN,8
02/11/2021,George00_rec18,246,RCN,8
02/11/2021,George00_rec18,247,RCN,8
02/11/2021,George00_rec18,248,RCN,8
02/11/2021,George00_rec18,249,RCN,8
02/11/2021,George00_rec18,250,RCN,8
02/11/2021,George00_rec18,251,RCN,8
02/11/2021,George00_rec18,252,RCN,8
02/11/2021,George00_rec18,253,RCN,8
02/11/2021,George00_rec18,254,RCN,8
02/11/2021,George00_rec18,255,RCN,8
02/11/2021,George00_rec18,256,RCN,8
02/15/2021,George00_rec19,1,LOFC,1
02/15/2021,George00_rec19,2,LOFC,1
02/15/2021,George00_rec19,3,LOFC,1
02/15/2021,George00_rec19,4,LOFC,1
02/15/2021,George00_rec19,5,LOFC,1
02/15/2021,George00_rec19,6,LOFC,1
02/15/2021,George00_rec19,7,LOFC,1
02/15/2021,George00_rec19,8,LOFC,1
02/15/2021,George00_rec19,9,LOFC,1
02/15/2021,George00_rec19,10,LOFC,1
02/15/2021,George00_rec19,11,LOFC,1
02/15/2021,George00_rec19,12,LOFC,1
02/15/2021,George00_rec19,13,LOFC,1
02/15/2021,George00_rec19,14,LOFC,1
02/15/2021,George00_rec19,15,LOFC,1
02/15/2021,George00_rec19,16,LOFC,1
02/15/2021,George00_rec19,17,LOFC,1
02/15/2021,George00_rec19,18,LOFC,1
02/15/2021,George00_rec19,19,LOFC,1
02/15/2021,George00_rec19,20,LOFC,1
02/15/2021,George00_rec19,21,LOFC,1
02/15/2021,George00_rec19,22,LOFC,1
02/15/2021,George00_rec19,23,LOFC,1
02/15/2021,George00_rec19,24,LOFC,1
02/15/2021,George00_rec19,25,LOFC,1
02/15/2021,George00_rec19,26,LOFC,1
02/15/2021,George00_rec19,27,LOFC,1
02/15/2021,George00_rec19,28,LOFC,1
02/15/2021,George00_rec19,29,LOFC,1
02/15/2021,George00_rec19,30,LOFC,1
02/15/2021,George00_rec19,31,LOFC,1
02/15/2021,George00_rec19,32,LOFC,1
02/15/2021,George00_rec19,33,LOFC,2
02/15/2021,George00_rec19,34,LOFC,2
02/15/2021,George00_rec19,35,LOFC,2
02/15/2021,George00_rec19,36,LOFC,2
02/15/2021,George00_rec19,37,LOFC,2
02/15/2021,George00_rec19,38,LOFC,2
02/15/2021,George00_rec19,39,LOFC,2
02/15/2021,George00_rec19,40,LOFC,2
02/15/2021,George00_rec19,41,LOFC,2
02/15/2021,George00_rec19,42,LOFC,2
02/15/2021,George00_rec19,43,LOFC,2
02/15/2021,George00_rec19,44,LOFC,2
02/15/2021,George00_rec19,45,LOFC,2
02/15/2021,George00_rec19,46,LOFC,2
02/15/2021,George00_rec19,47,LOFC,2
02/15/2021,George00_rec19,48,LOFC,2
02/15/2021,George00_rec19,49,LOFC,2
02/15/2021,George00_rec19,50,LOFC,2
02/15/2021,George00_rec19,51,LOFC,2
02/15/2021,George00_rec19,52,LOFC,2
02/15/2021,George00_rec19,53,LOFC,2
02/15/2021,George00_rec19,54,LOFC,2
02/15/2021,George00_rec19,55,LOFC,2
02/15/2021,George00_rec19,56,LOFC,2
02/15/2021,George00_rec19,57,LOFC,2
02/15/2021,George00_rec19,58,LOFC,2
02/15/2021,George00_rec19,59,LOFC,2
02/15/2021,George00_rec19,60,LOFC,2
02/15/2021,George00_rec19,61,LOFC,2
02/15/2021,George00_rec19,62,LOFC,2
02/15/2021,George00_rec19,63,LOFC,2
02/15/2021,George00_rec19,64,LOFC,2
02/15/2021,George00_rec19,65,LCN,3
02/15/2021,George00_rec19,66,LCN,3
02/15/2021,George00_rec19,67,LCN,3
02/15/2021,George00_rec19,68,LCN,3
02/15/2021,George00_rec19,69,LCN,3
02/15/2021,George00_rec19,70,LCN,3
02/15/2021,George00_rec19,71,LCN,3
02/15/2021,George00_rec19,72,LCN,3
02/15/2021,George00_rec19,73,LCN,3
02/15/2021,George00_rec19,74,LCN,3
02/15/2021,George00_rec19,75,LCN,3
02/15/2021,George00_rec19,76,LCN,3
02/15/2021,George00_rec19,77,LCN,3
02/15/2021,George00_rec19,78,LCN,3
02/15/2021,George00_rec19,79,LCN,3
02/15/2021,George00_rec19,80,LCN,3
02/15/2021,George00_rec19,81,LCN,3
02/15/2021,George00_rec19,82,LCN,3
02/15/2021,George00_rec19,83,LCN,3
02/15/2021,George00_rec19,84,LCN,3
02/15/2021,George00_rec19,85,LCN,3
02/15/2021,George00_rec19,86,LCN,3
02/15/2021,George00_rec19,87,LCN,3
02/15/2021,George00_rec19,88,LCN,3
02/15/2021,George00_rec19,89,LCN,3
02/15/2021,George00_rec19,90,LCN,3
02/15/2021,George00_rec19,91,LCN,3
02/15/2021,George00_rec19,92,LCN,3
02/15/2021,George00_rec19,93,LCN,3
02/15/2021,George00_rec19,94,LCN,3
02/15/2021,George00_rec19,95,LCN,3
02/15/2021,George00_rec19,96,LCN,3
02/15/2021,George00_rec19,97,LCN,4
02/15/2021,George00_rec19,98,LCN,4
02/15/2021,George00_rec19,99,LCN,4
02/15/2021,George00_rec19,100,LCN,4
02/15/2021,George00_rec19,101,LCN,4
02/15/2021,George00_rec19,102,LCN,4
02/15/2021,George00_rec19,103,LCN,4
02/15/2021,George00_rec19,104,LCN,4
02/15/2021,George00_rec19,105,LCN,4
02/15/2021,George00_rec19,106,LCN,4
02/15/2021,George00_rec19,107,LCN,4
02/15/2021,George00_rec19,108,LCN,4
02/15/2021,George00_rec19,109,LCN,4
02/15/2021,George00_rec19,110,LCN,4
02/15/2021,George00_rec19,111,LCN,4
02/15/2021,George00_rec19,112,LCN,4
02/15/2021,George00_rec19,113,LCN,4
02/15/2021,George00_rec19,114,LCN,4
02/15/2021,George00_rec19,115,LCN,4
02/15/2021,George00_rec19,116,LCN,4
02/15/2021,George00_rec19,117,LCN,4
02/15/2021,George00_rec19,118,LCN,4
02/15/2021,George00_rec19,119,LCN,4
02/15/2021,George00_rec19,120,LCN,4
02/15/2021,George00_rec19,121,LCN,4
02/15/2021,George00_rec19,122,LCN,4
02/15/2021,George00_rec19,123,LCN,4
02/15/2021,George00_rec19,124,LCN,4
02/15/2021,George00_rec19,125,LCN,4
02/15/2021,George00_rec19,126,LCN,4
02/15/2021,George00_rec19,127,LCN,4
02/15/2021,George00_rec19,128,LCN,4
02/15/2021,George00_rec19,129,ROFC,5
02/15/2021,George00_rec19,130,ROFC,5
02/15/2021,George00_rec19,131,ROFC,5
02/15/2021,George00_rec19,132,ROFC,5
02/15/2021,George00_rec19,133,ROFC,5
02/15/2021,George00_rec19,134,ROFC,5
02/15/2021,George00_rec19,135,ROFC,5
02/15/2021,George00_rec19,136,ROFC,5
02/15/2021,George00_rec19,137,ROFC,5
02/15/2021,George00_rec19,138,ROFC,5
02/15/2021,George00_rec19,139,ROFC,5
02/15/2021,George00_rec19,140,ROFC,5
02/15/2021,George00_rec19,141,ROFC,5
02/15/2021,George00_rec19,142,ROFC,5
02/15/2021,George00_rec19,143,ROFC,5
02/15/2021,George00_rec19,144,ROFC,5
02/15/2021,George00_rec19,145,ROFC,5
02/15/2021,George00_rec19,146,ROFC,5
02/15/2021,George00_rec19,147,ROFC,5
02/15/2021,George00_rec19,148,ROFC,5
02/15/2021,George00_rec19,149,ROFC,5
02/15/2021,George00_rec19,150,ROFC,5
02/15/2021,George00_rec19,151,ROFC,5
02/15/2021,George00_rec19,152,ROFC,5
02/15/2021,George00_rec19,153,ROFC,5
02/15/2021,George00_rec19,154,ROFC,5
02/15/2021,George00_rec19,155,ROFC,5
02/15/2021,George00_rec19,156,ROFC,5
02/15/2021,George00_rec19,157,ROFC,5
02/15/2021,George00_rec19,158,ROFC,5
02/15/2021,George00_rec19,159,ROFC,5
02/15/2021,George00_rec19,160,ROFC,5
02/15/2021,George00_rec19,161,ROFC,6
02/15/2021,George00_rec19,162,ROFC,6
02/15/2021,George00_rec19,163,ROFC,6
02/15/2021,George00_rec19,164,ROFC,6
02/15/2021,George00_rec19,165,ROFC,6
02/15/2021,George00_rec19,166,ROFC,6
02/15/2021,George00_rec19,167,ROFC,6
02/15/2021,George00_rec19,168,ROFC,6
02/15/2021,George00_rec19,169,ROFC,6
02/15/2021,George00_rec19,170,ROFC,6
02/15/2021,George00_rec19,171,ROFC,6
02/15/2021,George00_rec19,172,ROFC,6
02/15/2021,George00_rec19,173,ROFC,6
02/15/2021,George00_rec19,174,ROFC,6
02/15/2021,George00_rec19,175,ROFC,6
02/15/2021,George00_rec19,176,ROFC,6
02/15/2021,George00_rec19,177,ROFC,6
02/15/2021,George00_rec19,178,ROFC,6
02/15/2021,George00_rec19,179,ROFC,6
02/15/2021,George00_rec19,180,ROFC,6
02/15/2021,George00_rec19,181,ROFC,6
02/15/2021,George00_rec19,182,ROFC,6
02/15/2021,George00_rec19,183,ROFC,6
02/15/2021,George00_rec19,184,ROFC,6
02/15/2021,George00_rec19,185,ROFC,6
02/15/2021,George00_rec19,186,ROFC,6
02/15/2021,George00_rec19,187,ROFC,6
02/15/2021,George00_rec19,188,ROFC,6
02/15/2021,George00_rec19,189,ROFC,6
02/15/2021,George00_rec19,190,ROFC,6
02/15/2021,George00_rec19,191,ROFC,6
02/15/2021,George00_rec19,192,ROFC,6
02/15/2021,George00_rec19,193,RCN,7
02/15/2021,George00_rec19,194,RCN,7
02/15/2021,George00_rec19,195,RCN,7
02/15/2021,George00_rec19,196,RCN,7
02/15/2021,George00_rec19,197,RCN,7
02/15/2021,George00_rec19,198,RCN,7
02/15/2021,George00_rec19,199,RCN,7
02/15/2021,George00_rec19,200,RCN,7
02/15/2021,George00_rec19,201,RCN,7
02/15/2021,George00_rec19,202,RCN,7
02/15/2021,George00_rec19,203,RCN,7
02/15/2021,George00_rec19,204,RCN,7
02/15/2021,George00_rec19,205,RCN,7
02/15/2021,George00_rec19,206,RCN,7
02/15/2021,George00_rec19,207,RCN,7
02/15/2021,George00_rec19,208,RCN,7
02/15/2021,George00_rec19,209,RCN,7
02/15/2021,George00_rec19,210,RCN,7
02/15/2021,George00_rec19,211,RCN,7
02/15/2021,George00_rec19,212,RCN,7
02/15/2021,George00_rec19,213,RCN,7
02/15/2021,George00_rec19,214,RCN,7
02/15/2021,George00_rec19,215,RCN,7
02/15/2021,George00_rec19,216,RCN,7
02/15/2021,George00_rec19,217,RCN,7
02/15/2021,George00_rec19,218,RCN,7
02/15/2021,George00_rec19,219,RCN,7
02/15/2021,George00_rec19,220,RCN,7
02/15/2021,George00_rec19,221,RCN,7
02/15/2021,George00_rec19,222,RCN,7
02/15/2021,George00_rec19,223,RCN,7
02/15/2021,George00_rec19,224,RCN,7
02/15/2021,George00_rec19,225,RCN,8
02/15/2021,George00_rec19,226,RCN,8
02/15/2021,George00_rec19,227,RCN,8
02/15/2021,George00_rec19,228,RCN,8
02/15/2021,George00_rec19,229,RCN,8
02/15/2021,George00_rec19,230,RCN,8
02/15/2021,George00_rec19,231,RCN,8
02/15/2021,George00_rec19,232,RCN,8
02/15/2021,George00_rec19,233,RCN,8
02/15/2021,George00_rec19,234,RCN,8
02/15/2021,George00_rec19,235,RCN,8
02/15/2021,George00_rec19,236,RCN,8
02/15/2021,George00_rec19,237,RCN,8
02/15/2021,George00_rec19,238,RCN,8
02/15/2021,George00_rec19,239,RCN,8
02/15/2021,George00_rec19,240,RCN,8
02/15/2021,George00_rec19,241,RCN,8
02/15/2021,George00_rec19,242,RCN,8
02/15/2021,George00_rec19,243,RCN,8
02/15/2021,George00_rec19,244,RCN,8
02/15/2021,George00_rec19,245,RCN,8
02/15/2021,George00_rec19,246,RCN,8
02/15/2021,George00_rec19,247,RCN,8
02/15/2021,George00_rec19,248,RCN,8
02/15/2021,George00_rec19,249,RCN,8
02/15/2021,George00_rec19,250,RCN,8
02/15/2021,George00_rec19,251,RCN,8
02/15/2021,George00_rec19,252,RCN,8
02/15/2021,George00_rec19,253,RCN,8
02/15/2021,George00_rec19,254,RCN,8
02/15/2021,George00_rec19,255,RCN,8
02/15/2021,George00_rec19,256,RCN,8
03/01/2021,George00_rec20,1,LOFC,1
03/01/2021,George00_rec20,2,LOFC,1
03/01/2021,George00_rec20,3,LOFC,1
03/01/2021,George00_rec20,4,LOFC,1
03/01/2021,George00_rec20,5,LOFC,1
03/01/2021,George00_rec20,6,LOFC,1
03/01/2021,George00_rec20,7,LOFC,1
03/01/2021,George00_rec20,8,LOFC,1
03/01/2021,George00_rec20,9,LOFC,1
03/01/2021,George00_rec20,10,LOFC,1
03/01/2021,George00_rec20,11,LOFC,1
03/01/2021,George00_rec20,12,LOFC,1
03/01/2021,George00_rec20,13,LOFC,1
03/01/2021,George00_rec20,14,LOFC,1
03/01/2021,George00_rec20,15,LOFC,1
03/01/2021,George00_rec20,16,LOFC,1
03/01/2021,George00_rec20,17,LOFC,1
03/01/2021,George00_rec20,18,LOFC,1
03/01/2021,George00_rec20,19,LOFC,1
03/01/2021,George00_rec20,20,LOFC,1
03/01/2021,George00_rec20,21,LOFC,1
03/01/2021,George00_rec20,22,LOFC,1
03/01/2021,George00_rec20,23,LOFC,1
03/01/2021,George00_rec20,24,LOFC,1
03/01/2021,George00_rec20,25,LOFC,1
03/01/2021,George00_rec20,26,LOFC,1
03/01/2021,George00_rec20,27,LOFC,1
03/01/2021,George00_rec20,28,LOFC,1
03/01/2021,George00_rec20,29,LOFC,1
03/01/2021,George00_rec20,30,LOFC,1
03/01/2021,George00_rec20,31,LOFC,1
03/01/2021,George00_rec20,32,LOFC,1
03/01/2021,George00_rec20,33,LOFC,2
03/01/2021,George00_rec20,34,LOFC,2
03/01/2021,George00_rec20,35,LOFC,2
03/01/2021,George00_rec20,36,LOFC,2
03/01/2021,George00_rec20,37,LOFC,2
03/01/2021,George00_rec20,38,LOFC,2
03/01/2021,George00_rec20,39,LOFC,2
03/01/2021,George00_rec20,40,LOFC,2
03/01/2021,George00_rec20,41,LOFC,2
03/01/2021,George00_rec20,42,LOFC,2
03/01/2021,George00_rec20,43,LOFC,2
03/01/2021,George00_rec20,44,LOFC,2
03/01/2021,George00_rec20,45,LOFC,2
03/01/2021,George00_rec20,46,LOFC,2
03/01/2021,George00_rec20,47,LOFC,2
03/01/2021,George00_rec20,48,LOFC,2
03/01/2021,George00_rec20,49,LOFC,2
03/01/2021,George00_rec20,50,LOFC,2
03/01/2021,George00_rec20,51,LOFC,2
03/01/2021,George00_rec20,52,LOFC,2
03/01/2021,George00_rec20,53,LOFC,2
03/01/2021,George00_rec20,54,LOFC,2
03/01/2021,George00_rec20,55,LOFC,2
03/01/2021,George00_rec20,56,LOFC,2
03/01/2021,George00_rec20,57,LOFC,2
03/01/2021,George00_rec20,58,LOFC,2
03/01/2021,George00_rec20,59,LOFC,2
03/01/2021,George00_rec20,60,LOFC,2
03/01/2021,George00_rec20,61,LOFC,2
03/01/2021,George00_rec20,62,LOFC,2
03/01/2021,George00_rec20,63,LOFC,2
03/01/2021,George00_rec20,64,LOFC,2
03/01/2021,George00_rec20,65,LCN,3
03/01/2021,George00_rec20,66,LCN,3
03/01/2021,George00_rec20,67,LCN,3
03/01/2021,George00_rec20,68,LCN,3
03/01/2021,George00_rec20,69,LCN,3
03/01/2021,George00_rec20,70,LCN,3
03/01/2021,George00_rec20,71,LCN,3
03/01/2021,George00_rec20,72,LCN,3
03/01/2021,George00_rec20,73,LCN,3
03/01/2021,George00_rec20,74,LCN,3
03/01/2021,George00_rec20,75,LCN,3
03/01/2021,George00_rec20,76,LCN,3
03/01/2021,George00_rec20,77,LCN,3
03/01/2021,George00_rec20,78,LCN,3
03/01/2021,George00_rec20,79,LCN,3
03/01/2021,George00_rec20,80,LCN,3
03/01/2021,George00_rec20,81,LCN,3
03/01/2021,George00_rec20,82,LCN,3
03/01/2021,George00_rec20,83,LCN,3
03/01/2021,George00_rec20,84,LCN,3
03/01/2021,George00_rec20,85,LCN,3
03/01/2021,George00_rec20,86,LCN,3
03/01/2021,George00_rec20,87,LCN,3
03/01/2021,George00_rec20,88,LCN,3
03/01/2021,George00_rec20,89,LCN,3
03/01/2021,George00_rec20,90,LCN,3
03/01/2021,George00_rec20,91,LCN,3
03/01/2021,George00_rec20,92,LCN,3
03/01/2021,George00_rec20,93,LCN,3
03/01/2021,George00_rec20,94,LCN,3
03/01/2021,George00_rec20,95,LCN,3
03/01/2021,George00_rec20,96,LCN,3
03/01/2021,George00_rec20,97,LCN,4
03/01/2021,George00_rec20,98,LCN,4
03/01/2021,George00_rec20,99,LCN,4
03/01/2021,George00_rec20,100,LCN,4
03/01/2021,George00_rec20,101,LCN,4
03/01/2021,George00_rec20,102,LCN,4
03/01/2021,George00_rec20,103,LCN,4
03/01/2021,George00_rec20,104,LCN,4
03/01/2021,George00_rec20,105,LCN,4
03/01/2021,George00_rec20,106,LCN,4
03/01/2021,George00_rec20,107,LCN,4
03/01/2021,George00_rec20,108,LCN,4
03/01/2021,George00_rec20,109,LCN,4
03/01/2021,George00_rec20,110,LCN,4
03/01/2021,George00_rec20,111,LCN,4
03/01/2021,George00_rec20,112,LCN,4
03/01/2021,George00_rec20,113,LCN,4
03/01/2021,George00_rec20,114,LCN,4
03/01/2021,George00_rec20,115,LCN,4
03/01/2021,George00_rec20,116,LCN,4
03/01/2021,George00_rec20,117,LCN,4
03/01/2021,George00_rec20,118,LCN,4
03/01/2021,George00_rec20,119,LCN,4
03/01/2021,George00_rec20,120,LCN,4
03/01/2021,George00_rec20,121,LCN,4
03/01/2021,George00_rec20,122,LCN,4
03/01/2021,George00_rec20,123,LCN,4
03/01/2021,George00_rec20,124,LCN,4
03/01/2021,George00_rec20,125,LCN,4
03/01/2021,George00_rec20,126,LCN,4
03/01/2021,George00_rec20,127,LCN,4
03/01/2021,George00_rec20,128,LCN,4
03/01/2021,George00_rec20,129,ROFC,5
03/01/2021,George00_rec20,130,ROFC,5
03/01/2021,George00_rec20,131,ROFC,5
03/01/2021,George00_rec20,132,ROFC,5
03/01/2021,George00_rec20,133,ROFC,5
03/01/2021,George00_rec20,134,ROFC,5
03/01/2021,George00_rec20,135,ROFC,5
03/01/2021,George00_rec20,136,ROFC,5
03/01/2021,George00_rec20,137,ROFC,5
03/01/2021,George00_rec20,138,ROFC,5
03/01/2021,George00_rec20,139,ROFC,5
03/01/2021,George00_rec20,140,ROFC,5
03/01/2021,George00_rec20,141,ROFC,5
03/01/2021,George00_rec20,142,ROFC,5
03/01/2021,George00_rec20,143,ROFC,5
03/01/2021,George00_rec20,144,ROFC,5
03/01/2021,George00_rec20,145,ROFC,5
03/01/2021,George00_rec20,146,ROFC,5
03/01/2021,George00_rec20,147,ROFC,5
03/01/2021,George00_rec20,148,ROFC,5
03/01/2021,George00_rec20,149,ROFC,5
03/01/2021,George00_rec20,150,ROFC,5
03/01/2021,George00_rec20,151,ROFC,5
03/01/2021,George00_rec20,152,ROFC,5
03/01/2021,George00_rec20,153,ROFC,5
03/01/2021,George00_rec20,154,ROFC,5
03/01/2021,George00_rec20,155,ROFC,5
03/01/2021,George00_rec20,156,ROFC,5
03/01/2021,George00_rec20,157,ROFC,5
03/01/2021,George00_rec20,158,ROFC,5
03/01/2021,George00_rec20,159,ROFC,5
03/01/2021,George00_rec20,160,ROFC,5
03/01/2021,George00_rec20,161,ROFC,6
03/01/2021,George00_rec20,162,ROFC,6
03/01/2021,George00_rec20,163,ROFC,6
03/01/2021,George00_rec20,164,ROFC,6
03/01/2021,George00_rec20,165,ROFC,6
03/01/2021,George00_rec20,166,ROFC,6
03/01/2021,George00_rec20,167,ROFC,6
03/01/2021,George00_rec20,168,ROFC,6
03/01/2021,George00_rec20,169,ROFC,6
03/01/2021,George00_rec20,170,ROFC,6
03/01/2021,George00_rec20,171,ROFC,6
03/01/2021,George00_rec20,172,ROFC,6
03/01/2021,George00_rec20,173,ROFC,6
03/01/2021,George00_rec20,174,ROFC,6
03/01/2021,George00_rec20,175,ROFC,6
03/01/2021,George00_rec20,176,ROFC,6
03/01/2021,George00_rec20,193,ROFC,7
03/01/2021,George00_rec20,194,ROFC,7
03/01/2021,George00_rec20,195,ROFC,7
03/01/2021,George00_rec20,196,ROFC,7
03/01/2021,George00_rec20,197,ROFC,7
03/01/2021,George00_rec20,198,ROFC,7
03/01/2021,George00_rec20,199,ROFC,7
03/01/2021,George00_rec20,200,ROFC,7
03/01/2021,George00_rec20,201,ROFC,7
03/01/2021,George00_rec20,202,ROFC,7
03/01/2021,George00_rec20,203,ROFC,7
03/01/2021,George00_rec20,204,ROFC,7
03/01/2021,George00_rec20,205,ROFC,7
03/01/2021,George00_rec20,206,ROFC,7
03/01/2021,George00_rec20,207,ROFC,7
03/01/2021,George00_rec20,208,ROFC,7
03/01/2021,George00_rec20,209,ROFC,7
03/01/2021,George00_rec20,210,ROFC,7
03/01/2021,George00_rec20,211,ROFC,7
03/01/2021,George00_rec20,212,ROFC,7
03/01/2021,George00_rec20,213,ROFC,7
03/01/2021,George00_rec20,214,ROFC,7
03/01/2021,George00_rec20,215,ROFC,7
03/01/2021,George00_rec20,216,ROFC,7
03/01/2021,George00_rec20,217,ROFC,7
03/01/2021,George00_rec20,218,ROFC,7
03/01/2021,George00_rec20,219,ROFC,7
03/01/2021,George00_rec20,220,ROFC,7
03/01/2021,George00_rec20,221,ROFC,7
03/01/2021,George00_rec20,222,ROFC,7
03/01/2021,George00_rec20,223,ROFC,7
03/01/2021,George00_rec20,224,ROFC,7
03/01/2021,George00_rec20,225,RCN,8
03/01/2021,George00_rec20,226,RCN,8
03/01/2021,George00_rec20,227,RCN,8
03/01/2021,George00_rec20,228,RCN,8
03/01/2021,George00_rec20,229,RCN,8
03/01/2021,George00_rec20,230,RCN,8
03/01/2021,George00_rec20,231,RCN,8
03/01/2021,George00_rec20,232,RCN,8
03/01/2021,George00_rec20,233,RCN,8
03/01/2021,George00_rec20,234,RCN,8
03/01/2021,George00_rec20,235,RCN,8
03/01/2021,George00_rec20,236,RCN,8
03/01/2021,George00_rec20,237,RCN,8
03/01/2021,George00_rec20,238,RCN,8
03/01/2021,George00_rec20,239,RCN,8
03/01/2021,George00_rec20,240,RCN,8
03/01/2021,George00_rec20,241,RCN,8
03/01/2021,George00_rec20,242,RCN,8
03/01/2021,George00_rec20,243,RCN,8
03/01/2021,George00_rec20,244,RCN,8
03/01/2021,George00_rec20,245,RCN,8
03/01/2021,George00_rec20,246,RCN,8
03/01/2021,George00_rec20,247,RCN,8
03/01/2021,George00_rec20,248,RCN,8
03/01/2021,George00_rec20,249,RCN,8
03/01/2021,George00_rec20,250,RCN,8
03/01/2021,George00_rec20,251,RCN,8
03/01/2021,George00_rec20,252,RCN,8
03/01/2021,George00_rec20,253,RCN,8
03/01/2021,George00_rec20,254,RCN,8
03/01/2021,George00_rec20,255,RCN,8
03/01/2021,George00_rec20,256,RCN,8
03/04/2021,George00_rec21,1,LOFC,1
03/04/2021,George00_rec21,2,LOFC,1
03/04/2021,George00_rec21,3,LOFC,1
03/04/2021,George00_rec21,4,LOFC,1
03/04/2021,George00_rec21,5,LOFC,1
03/04/2021,George00_rec21,6,LOFC,1
03/04/2021,George00_rec21,7,LOFC,1
03/04/2021,George00_rec21,8,LOFC,1
03/04/2021,George00_rec21,9,LOFC,1
03/04/2021,George00_rec21,10,LOFC,1
03/04/2021,George00_rec21,11,LOFC,1
03/04/2021,George00_rec21,12,LOFC,1
03/04/2021,George00_rec21,13,LOFC,1
03/04/2021,George00_rec21,14,LOFC,1
03/04/2021,George00_rec21,15,LOFC,1
03/04/2021,George00_rec21,16,LOFC,1
03/04/2021,George00_rec21,17,LOFC,1
03/04/2021,George00_rec21,18,LOFC,1
03/04/2021,George00_rec21,19,LOFC,1
03/04/2021,George00_rec21,20,LOFC,1
03/04/2021,George00_rec21,21,LOFC,1
03/04/2021,George00_rec21,22,LOFC,1
03/04/2021,George00_rec21,23,LOFC,1
03/04/2021,George00_rec21,24,LOFC,1
03/04/2021,George00_rec21,25,LOFC,1
03/04/2021,George00_rec21,26,LOFC,1
03/04/2021,George00_rec21,27,LOFC,1
03/04/2021,George00_rec21,28,LOFC,1
03/04/2021,George00_rec21,29,LOFC,1
03/04/2021,George00_rec21,30,LOFC,1
03/04/2021,George00_rec21,31,LOFC,1
03/04/2021,George00_rec21,32,LOFC,1
03/04/2021,George00_rec21,65,LCN,3
03/04/2021,George00_rec21,66,LCN,3
03/04/2021,George00_rec21,67,LCN,3
03/04/2021,George00_rec21,68,LCN,3
03/04/2021,George00_rec21,69,LCN,3
03/04/2021,George00_rec21,70,LCN,3
03/04/2021,George00_rec21,71,LCN,3
03/04/2021,George00_rec21,72,LCN,3
03/04/2021,George00_rec21,73,LCN,3
03/04/2021,George00_rec21,74,LCN,3
03/04/2021,George00_rec21,75,LCN,3
03/04/2021,George00_rec21,76,LCN,3
03/04/2021,George00_rec21,77,LCN,3
03/04/2021,George00_rec21,78,LCN,3
03/04/2021,George00_rec21,79,LCN,3
03/04/2021,George00_rec21,80,LCN,3
03/04/2021,George00_rec21,81,LCN,3
03/04/2021,George00_rec21,82,LCN,3
03/04/2021,George00_rec21,83,LCN,3
03/04/2021,George00_rec21,84,LCN,3
03/04/2021,George00_rec21,85,LCN,3
03/04/2021,George00_rec21,86,LCN,3
03/04/2021,George00_rec21,87,LCN,3
03/04/2021,George00_rec21,88,LCN,3
03/04/2021,George00_rec21,89,LCN,3
03/04/2021,George00_rec21,90,LCN,3
03/04/2021,George00_rec21,91,LCN,3
03/04/2021,George00_rec21,92,LCN,3
03/04/2021,George00_rec21,93,LCN,3
03/04/2021,George00_rec21,94,LCN,3
03/04/2021,George00_rec21,95,LCN,3
03/04/2021,George00_rec21,96,LCN,3
03/04/2021,George00_rec21,97,LCN,4
03/04/2021,George00_rec21,98,LCN,4
03/04/2021,George00_rec21,99,LCN,4
03/04/2021,George00_rec21,100,LCN,4
03/04/2021,George00_rec21,101,LCN,4
03/04/2021,George00_rec21,102,LCN,4
03/04/2021,George00_rec21,103,LCN,4
03/04/2021,George00_rec21,104,LCN,4
03/04/2021,George00_rec21,105,LCN,4
03/04/2021,George00_rec21,106,LCN,4
03/04/2021,George00_rec21,107,LCN,4
03/04/2021,George00_rec21,108,LCN,4
03/04/2021,George00_rec21,109,LCN,4
03/04/2021,George00_rec21,110,LCN,4
03/04/2021,George00_rec21,111,LCN,4
03/04/2021,George00_rec21,112,LCN,4
03/04/2021,George00_rec21,113,LCN,4
03/04/2021,George00_rec21,114,LCN,4
03/04/2021,George00_rec21,115,LCN,4
03/04/2021,George00_rec21,116,LCN,4
03/04/2021,George00_rec21,117,LCN,4
03/04/2021,George00_rec21,118,LCN,4
03/04/2021,George00_rec21,119,LCN,4
03/04/2021,George00_rec21,120,LCN,4
03/04/2021,George00_rec21,121,LCN,4
03/04/2021,George00_rec21,122,LCN,4
03/04/2021,George00_rec21,123,LCN,4
03/04/2021,George00_rec21,124,LCN,4
03/04/2021,George00_rec21,125,LCN,4
03/04/2021,George00_rec21,126,LCN,4
03/04/2021,George00_rec21,127,LCN,4
03/04/2021,George00_rec21,128,LCN,4
03/04/2021,George00_rec21,129,ROFC,5
03/04/2021,George00_rec21,130,ROFC,5
03/04/2021,George00_rec21,131,ROFC,5
03/04/2021,George00_rec21,132,ROFC,5
03/04/2021,George00_rec21,133,ROFC,5
03/04/2021,George00_rec21,134,ROFC,5
03/04/2021,George00_rec21,135,ROFC,5
03/04/2021,George00_rec21,136,ROFC,5
03/04/2021,George00_rec21,137,ROFC,5
03/04/2021,George00_rec21,138,ROFC,5
03/04/2021,George00_rec21,139,ROFC,5
03/04/2021,George00_rec21,140,ROFC,5
03/04/2021,George00_rec21,141,ROFC,5
03/04/2021,George00_rec21,142,ROFC,5
03/04/2021,George00_rec21,143,ROFC,5
03/04/2021,George00_rec21,144,ROFC,5
03/04/2021,George00_rec21,161,ROFC,6
03/04/2021,George00_rec21,162,ROFC,6
03/04/2021,George00_rec21,163,ROFC,6
03/04/2021,George00_rec21,164,ROFC,6
03/04/2021,George00_rec21,165,ROFC,6
03/04/2021,George00_rec21,166,ROFC,6
03/04/2021,George00_rec21,167,ROFC,6
03/04/2021,George00_rec21,168,ROFC,6
03/04/2021,George00_rec21,169,ROFC,6
03/04/2021,George00_rec21,170,ROFC,6
03/04/2021,George00_rec21,171,ROFC,6
03/04/2021,George00_rec21,172,ROFC,6
03/04/2021,George00_rec21,173,ROFC,6
03/04/2021,George00_rec21,174,ROFC,6
03/04/2021,George00_rec21,175,ROFC,6
03/04/2021,George00_rec21,176,ROFC,6
03/04/2021,George00_rec21,177,ROFC,6
03/04/2021,George00_rec21,178,ROFC,6
03/04/2021,George00_rec21,179,ROFC,6
03/04/2021,George00_rec21,180,ROFC,6
03/04/2021,George00_rec21,181,ROFC,6
03/04/2021,George00_rec21,182,ROFC,6
03/04/2021,George00_rec21,183,ROFC,6
03/04/2021,George00_rec21,184,ROFC,6
03/04/2021,George00_rec21,185,ROFC,6
03/04/2021,George00_rec21,186,ROFC,6
03/04/2021,George00_rec21,187,ROFC,6
03/04/2021,George00_rec21,188,ROFC,6
03/04/2021,George00_rec21,189,ROFC,6
03/04/2021,George00_rec21,190,ROFC,6
03/04/2021,George00_rec21,191,ROFC,6
03/04/2021,George00_rec21,192,ROFC,6
03/04/2021,George00_rec21,193,ROFC,7
03/04/2021,George00_rec21,194,ROFC,7
03/04/2021,George00_rec21,195,ROFC,7
03/04/2021,George00_rec21,196,ROFC,7
03/04/2021,George00_rec21,197,ROFC,7
03/04/2021,George00_rec21,198,ROFC,7
03/04/2021,George00_rec21,199,ROFC,7
03/04/2021,George00_rec21,200,ROFC,7
03/04/2021,George00_rec21,201,ROFC,7
03/04/2021,George00_rec21,202,ROFC,7
03/04/2021,George00_rec21,203,ROFC,7
03/04/2021,George00_rec21,204,ROFC,7
03/04/2021,George00_rec21,205,ROFC,7
03/04/2021,George00_rec21,206,ROFC,7
03/04/2021,George00_rec21,207,ROFC,7
03/04/2021,George00_rec21,208,ROFC,7
03/04/2021,George00_rec21,209,ROFC,7
03/04/2021,George00_rec21,210,ROFC,7
03/04/2021,George00_rec21,211,ROFC,7
03/04/2021,George00_rec21,212,ROFC,7
03/04/2021,George00_rec21,213,ROFC,7
03/04/2021,George00_rec21,214,ROFC,7
03/04/2021,George00_rec21,215,ROFC,7
03/04/2021,George00_rec21,216,ROFC,7
03/04/2021,George00_rec21,217,ROFC,7
03/04/2021,George00_rec21,218,ROFC,7
03/04/2021,George00_rec21,219,ROFC,7
03/04/2021,George00_rec21,220,ROFC,7
03/04/2021,George00_rec21,221,ROFC,7
03/04/2021,George00_rec21,222,ROFC,7
03/04/2021,George00_rec21,223,ROFC,7
03/04/2021,George00_rec21,224,ROFC,7
03/04/2021,George00_rec21,225,RCN,8
03/04/2021,George00_rec21,226,RCN,8
03/04/2021,George00_rec21,227,RCN,8
03/04/2021,George00_rec21,228,RCN,8
03/04/2021,George00_rec21,229,RCN,8
03/04/2021,George00_rec21,230,RCN,8
03/04/2021,George00_rec21,231,RCN,8
03/04/2021,George00_rec21,232,RCN,8
03/04/2021,George00_rec21,233,RCN,8
03/04/2021,George00_rec21,234,RCN,8
03/04/2021,George00_rec21,235,RCN,8
03/04/2021,George00_rec21,236,RCN,8
03/04/2021,George00_rec21,237,RCN,8
03/04/2021,George00_rec21,238,RCN,8
03/04/2021,George00_rec21,239,RCN,8
03/04/2021,George00_rec21,240,RCN,8
03/04/2021,George00_rec21,241,RCN,8
03/04/2021,George00_rec21,242,RCN,8
03/04/2021,George00_rec21,243,RCN,8
03/04/2021,George00_rec21,244,RCN,8
03/04/2021,George00_rec21,245,RCN,8
03/04/2021,George00_rec21,246,RCN,8
03/04/2021,George00_rec21,247,RCN,8
03/04/2021,George00_rec21,248,RCN,8
03/04/2021,George00_rec21,249,RCN,8
03/04/2021,George00_rec21,250,RCN,8
03/04/2021,George00_rec21,251,RCN,8
03/04/2021,George00_rec21,252,RCN,8
03/04/2021,George00_rec21,253,RCN,8
03/04/2021,George00_rec21,254,RCN,8
03/04/2021,George00_rec21,255,RCN,8
03/04/2021,George00_rec21,256,RCN,8
03/08/2021,George00_rec22,1,LCN,1
03/08/2021,George00_rec22,2,LCN,1
03/08/2021,George00_rec22,3,LCN,1
03/08/2021,George00_rec22,4,LCN,1
03/08/2021,George00_rec22,5,LCN,1
03/08/2021,George00_rec22,6,LCN,1
03/08/2021,George00_rec22,7,LCN,1
03/08/2021,George00_rec22,8,LCN,1
03/08/2021,George00_rec22,9,LCN,1
03/08/2021,George00_rec22,10,LCN,1
03/08/2021,George00_rec22,11,LCN,1
03/08/2021,George00_rec22,12,LCN,1
03/08/2021,George00_rec22,13,LCN,1
03/08/2021,George00_rec22,14,LCN,1
03/08/2021,George00_rec22,15,LCN,1
03/08/2021,George00_rec22,16,LCN,1
03/08/2021,George00_rec22,17,LCN,1
03/08/2021,George00_rec22,18,LCN,1
03/08/2021,George00_rec22,19,LCN,1
03/08/2021,George00_rec22,20,LCN,1
03/08/2021,George00_rec22,21,LCN,1
03/08/2021,George00_rec22,22,LCN,1
03/08/2021,George00_rec22,23,LCN,1
03/08/2021,George00_rec22,24,LCN,1
03/08/2021,George00_rec22,25,LCN,1
03/08/2021,George00_rec22,26,LCN,1
03/08/2021,George00_rec22,27,LCN,1
03/08/2021,George00_rec22,28,LCN,1
03/08/2021,George00_rec22,29,LCN,1
03/08/2021,George00_rec22,30,LCN,1
03/08/2021,George00_rec22,31,LCN,1
03/08/2021,George00_rec22,32,LCN,1
03/08/2021,George00_rec22,33,LCN,2
03/08/2021,George00_rec22,34,LCN,2
03/08/2021,George00_rec22,35,LCN,2
03/08/2021,George00_rec22,36,LCN,2
03/08/2021,George00_rec22,37,LCN,2
03/08/2021,George00_rec22,38,LCN,2
03/08/2021,George00_rec22,39,LCN,2
03/08/2021,George00_rec22,40,LCN,2
03/08/2021,George00_rec22,41,LCN,2
03/08/2021,George00_rec22,42,LCN,2
03/08/2021,George00_rec22,43,LCN,2
03/08/2021,George00_rec22,44,LCN,2
03/08/2021,George00_rec22,45,LCN,2
03/08/2021,George00_rec22,46,LCN,2
03/08/2021,George00_rec22,47,LCN,2
03/08/2021,George00_rec22,48,LCN,2
03/08/2021,George00_rec22,49,LCN,2
03/08/2021,George00_rec22,50,LCN,2
03/08/2021,George00_rec22,51,LCN,2
03/08/2021,George00_rec22,52,LCN,2
03/08/2021,George00_rec22,53,LCN,2
03/08/2021,George00_rec22,54,LCN,2
03/08/2021,George00_rec22,55,LCN,2
03/08/2021,George00_rec22,56,LCN,2
03/08/2021,George00_rec22,57,LCN,2
03/08/2021,George00_rec22,58,LCN,2
03/08/2021,George00_rec22,59,LCN,2
03/08/2021,George00_rec22,60,LCN,2
03/08/2021,George00_rec22,61,LCN,2
03/08/2021,George00_rec22,62,LCN,2
03/08/2021,George00_rec22,63,LCN,2
03/08/2021,George00_rec22,64,LCN,2
03/08/2021,George00_rec22,65,RCN,3
03/08/2021,George00_rec22,66,RCN,3
03/08/2021,George00_rec22,67,RCN,3
03/08/2021,George00_rec22,68,RCN,3
03/08/2021,George00_rec22,69,RCN,3
03/08/2021,George00_rec22,70,RCN,3
03/08/2021,George00_rec22,71,RCN,3
03/08/2021,George00_rec22,72,RCN,3
03/08/2021,George00_rec22,73,RCN,3
03/08/2021,George00_rec22,74,RCN,3
03/08/2021,George00_rec22,75,RCN,3
03/08/2021,George00_rec22,76,RCN,3
03/08/2021,George00_rec22,77,RCN,3
03/08/2021,George00_rec22,78,RCN,3
03/08/2021,George00_rec22,79,RCN,3
03/08/2021,George00_rec22,80,RCN,3
03/08/2021,George00_rec22,81,RCN,3
03/08/2021,George00_rec22,82,RCN,3
03/08/2021,George00_rec22,83,RCN,3
03/08/2021,George00_rec22,84,RCN,3
03/08/2021,George00_rec22,85,RCN,3
03/08/2021,George00_rec22,86,RCN,3
03/08/2021,George00_rec22,87,RCN,3
03/08/2021,George00_rec22,88,RCN,3
03/08/2021,George00_rec22,89,RCN,3
03/08/2021,George00_rec22,90,RCN,3
03/08/2021,George00_rec22,91,RCN,3
03/08/2021,George00_rec22,92,RCN,3
03/08/2021,George00_rec22,93,RCN,3
03/08/2021,George00_rec22,94,RCN,3
03/08/2021,George00_rec22,95,RCN,3
03/08/2021,George00_rec22,96,RCN,3
03/08/2021,George00_rec22,97,RCN,4
03/08/2021,George00_rec22,98,RCN,4
03/08/2021,George00_rec22,99,RCN,4
03/08/2021,George00_rec22,100,RCN,4
03/08/2021,George00_rec22,101,RCN,4
03/08/2021,George00_rec22,102,RCN,4
03/08/2021,George00_rec22,103,RCN,4
03/08/2021,George00_rec22,104,RCN,4
03/08/2021,George00_rec22,105,RCN,4
03/08/2021,George00_rec22,106,RCN,4
03/08/2021,George00_rec22,107,RCN,4
03/08/2021,George00_rec22,108,RCN,4
03/08/2021,George00_rec22,109,RCN,4
03/08/2021,George00_rec22,110,RCN,4
03/08/2021,George00_rec22,111,RCN,4
03/08/2021,George00_rec22,112,RCN,4
03/08/2021,George00_rec22,113,RCN,4
03/08/2021,George00_rec22,114,RCN,4
03/08/2021,George00_rec22,115,RCN,4
03/08/2021,George00_rec22,116,RCN,4
03/08/2021,George00_rec22,117,RCN,4
03/08/2021,George00_rec22,118,RCN,4
03/08/2021,George00_rec22,119,RCN,4
03/08/2021,George00_rec22,120,RCN,4
03/08/2021,George00_rec22,121,RCN,4
03/08/2021,George00_rec22,122,RCN,4
03/08/2021,George00_rec22,123,RCN,4
03/08/2021,George00_rec22,124,RCN,4
03/08/2021,George00_rec22,125,RCN,4
03/08/2021,George00_rec22,126,RCN,4
03/08/2021,George00_rec22,127,RCN,4
03/08/2021,George00_rec22,128,RCN,4
03/12/2021,George00_rec23,1,LCN,1
03/12/2021,George00_rec23,2,LCN,1
03/12/2021,George00_rec23,3,LCN,1
03/12/2021,George00_rec23,4,LCN,1
03/12/2021,George00_rec23,5,LCN,1
03/12/2021,George00_rec23,6,LCN,1
03/12/2021,George00_rec23,7,LCN,1
03/12/2021,George00_rec23,8,LCN,1
03/12/2021,George00_rec23,9,LCN,1
03/12/2021,George00_rec23,10,LCN,1
03/12/2021,George00_rec23,11,LCN,1
03/12/2021,George00_rec23,12,LCN,1
03/12/2021,George00_rec23,13,LCN,1
03/12/2021,George00_rec23,14,LCN,1
03/12/2021,George00_rec23,15,LCN,1
03/12/2021,George00_rec23,16,LCN,1
03/12/2021,George00_rec23,17,LCN,1
03/12/2021,George00_rec23,18,LCN,1
03/12/2021,George00_rec23,19,LCN,1
03/12/2021,George00_rec23,20,LCN,1
03/12/2021,George00_rec23,21,LCN,1
03/12/2021,George00_rec23,22,LCN,1
03/12/2021,George00_rec23,23,LCN,1
03/12/2021,George00_rec23,24,LCN,1
03/12/2021,George00_rec23,25,LCN,1
03/12/2021,George00_rec23,26,LCN,1
03/12/2021,George00_rec23,27,LCN,1
03/12/2021,George00_rec23,28,LCN,1
03/12/2021,George00_rec23,29,LCN,1
03/12/2021,George00_rec23,30,LCN,1
03/12/2021,George00_rec23,31,LCN,1
03/12/2021,George00_rec23,32,LCN,1
03/12/2021,George00_rec23,33,LCN,2
03/12/2021,George00_rec23,34,LCN,2
03/12/2021,George00_rec23,35,LCN,2
03/12/2021,George00_rec23,36,LCN,2
03/12/2021,George00_rec23,37,LCN,2
03/12/2021,George00_rec23,38,LCN,2
03/12/2021,George00_rec23,39,LCN,2
03/12/2021,George00_rec23,40,LCN,2
03/12/2021,George00_rec23,41,LCN,2
03/12/2021,George00_rec23,42,LCN,2
03/12/2021,George00_rec23,43,LCN,2
03/12/2021,George00_rec23,44,LCN,2
03/12/2021,George00_rec23,45,LCN,2
03/12/2021,George00_rec23,46,LCN,2
03/12/2021,George00_rec23,47,LCN,2
03/12/2021,George00_rec23,48,LCN,2
03/12/2021,George00_rec23,49,LCN,2
03/12/2021,George00_rec23,50,LCN,2
03/12/2021,George00_rec23,51,LCN,2
03/12/2021,George00_rec23,52,LCN,2
03/12/2021,George00_rec23,53,LCN,2
03/12/2021,George00_rec23,54,LCN,2
03/12/2021,George00_rec23,55,LCN,2
03/12/2021,George00_rec23,56,LCN,2
03/12/2021,George00_rec23,57,LCN,2
03/12/2021,George00_rec23,58,LCN,2
03/12/2021,George00_rec23,59,LCN,2
03/12/2021,George00_rec23,60,LCN,2
03/12/2021,George00_rec23,61,LCN,2
03/12/2021,George00_rec23,62,LCN,2
03/12/2021,George00_rec23,63,LCN,2
03/12/2021,George00_rec23,64,LCN,2
03/12/2021,George00_rec23,65,RCN,3
03/12/2021,George00_rec23,66,RCN,3
03/12/2021,George00_rec23,67,RCN,3
03/12/2021,George00_rec23,68,RCN,3
03/12/2021,George00_rec23,69,RCN,3
03/12/2021,George00_rec23,70,RCN,3
03/12/2021,George00_rec23,71,RCN,3
03/12/2021,George00_rec23,72,RCN,3
03/12/2021,George00_rec23,73,RCN,3
03/12/2021,George00_rec23,74,RCN,3
03/12/2021,George00_rec23,75,RCN,3
03/12/2021,George00_rec23,76,RCN,3
03/12/2021,George00_rec23,77,RCN,3
03/12/2021,George00_rec23,78,RCN,3
03/12/2021,George00_rec23,79,RCN,3
03/12/2021,George00_rec23,80,RCN,3
03/12/2021,George00_rec23,81,RCN,3
03/12/2021,George00_rec23,82,RCN,3
03/12/2021,George00_rec23,83,RCN,3
03/12/2021,George00_rec23,84,RCN,3
03/12/2021,George00_rec23,85,RCN,3
03/12/2021,George00_rec23,86,RCN,3
03/12/2021,George00_rec23,87,RCN,3
03/12/2021,George00_rec23,88,RCN,3
03/12/2021,George00_rec23,89,RCN,3
03/12/2021,George00_rec23,90,RCN,3
03/12/2021,George00_rec23,91,RCN,3
03/12/2021,George00_rec23,92,RCN,3
03/12/2021,George00_rec23,93,RCN,3
03/12/2021,George00_rec23,94,RCN,3
03/12/2021,George00_rec23,95,RCN,3
03/12/2021,George00_rec23,96,RCN,3
03/12/2021,George00_rec23,97,RCN,4
03/12/2021,George00_rec23,98,RCN,4
03/12/2021,George00_rec23,99,RCN,4
03/12/2021,George00_rec23,100,RCN,4
03/12/2021,George00_rec23,101,RCN,4
03/12/2021,George00_rec23,102,RCN,4
03/12/2021,George00_rec23,103,RCN,4
03/12/2021,George00_rec23,104,RCN,4
03/12/2021,George00_rec23,105,RCN,4
03/12/2021,George00_rec23,106,RCN,4
03/12/2021,George00_rec23,107,RCN,4
03/12/2021,George00_rec23,108,RCN,4
03/12/2021,George00_rec23,109,RCN,4
03/12/2021,George00_rec23,110,RCN,4
03/12/2021,George00_rec23,111,RCN,4
03/12/2021,George00_rec23,112,RCN,4
03/12/2021,George00_rec23,113,RCN,4
03/12/2021,George00_rec23,114,RCN,4
03/12/2021,George00_rec23,115,RCN,4
03/12/2021,George00_rec23,116,RCN,4
03/12/2021,George00_rec23,117,RCN,4
03/12/2021,George00_rec23,118,RCN,4
03/12/2021,George00_rec23,119,RCN,4
03/12/2021,George00_rec23,120,RCN,4
03/12/2021,George00_rec23,121,RCN,4
03/12/2021,George00_rec23,122,RCN,4
03/12/2021,George00_rec23,123,RCN,4
03/12/2021,George00_rec23,124,RCN,4
03/12/2021,George00_rec23,125,RCN,4
03/12/2021,George00_rec23,126,RCN,4
03/12/2021,George00_rec23,127,RCN,4
03/12/2021,George00_rec23,128,RCN,4
03/15/2021,George00_rec24,1,LCN,1
03/15/2021,George00_rec24,2,LCN,1
03/15/2021,George00_rec24,3,LCN,1
03/15/2021,George00_rec24,4,LCN,1
03/15/2021,George00_rec24,5,LCN,1
03/15/2021,George00_rec24,6,LCN,1
03/15/2021,George00_rec24,7,LCN,1
03/15/2021,George00_rec24,8,LCN,1
03/15/2021,George00_rec24,9,LCN,1
03/15/2021,George00_rec24,10,LCN,1
03/15/2021,George00_rec24,11,LCN,1
03/15/2021,George00_rec24,12,LCN,1
03/15/2021,George00_rec24,13,LCN,1
03/15/2021,George00_rec24,14,LCN,1
03/15/2021,George00_rec24,15,LCN,1
03/15/2021,George00_rec24,16,LCN,1
03/15/2021,George00_rec24,17,LCN,1
03/15/2021,George00_rec24,18,LCN,1
03/15/2021,George00_rec24,19,LCN,1
03/15/2021,George00_rec24,20,LCN,1
03/15/2021,George00_rec24,21,LCN,1
03/15/2021,George00_rec24,22,LCN,1
03/15/2021,George00_rec24,23,LCN,1
03/15/2021,George00_rec24,24,LCN,1
03/15/2021,George00_rec24,25,LCN,1
03/15/2021,George00_rec24,26,LCN,1
03/15/2021,George00_rec24,27,LCN,1
03/15/2021,George00_rec24,28,LCN,1
03/15/2021,George00_rec24,29,LCN,1
03/15/2021,George00_rec24,30,LCN,1
03/15/2021,George00_rec24,31,LCN,1
03/15/2021,George00_rec24,32,LCN,1
03/15/2021,George00_rec24,33,LCN,2
03/15/2021,George00_rec24,34,LCN,2
03/15/2021,George00_rec24,35,LCN,2
03/15/2021,George00_rec24,36,LCN,2
03/15/2021,George00_rec24,37,LCN,2
03/15/2021,George00_rec24,38,LCN,2
03/15/2021,George00_rec24,39,LCN,2
03/15/2021,George00_rec24,40,LCN,2
03/15/2021,George00_rec24,41,LCN,2
03/15/2021,George00_rec24,42,LCN,2
03/15/2021,George00_rec24,43,LCN,2
03/15/2021,George00_rec24,44,LCN,2
03/15/2021,George00_rec24,45,LCN,2
03/15/2021,George00_rec24,46,LCN,2
03/15/2021,George00_rec24,47,LCN,2
03/15/2021,George00_rec24,48,LCN,2
03/15/2021,George00_rec24,49,LCN,2
03/15/2021,George00_rec24,50,LCN,2
03/15/2021,George00_rec24,51,LCN,2
03/15/2021,George00_rec24,52,LCN,2
03/15/2021,George00_rec24,53,LCN,2
03/15/2021,George00_rec24,54,LCN,2
03/15/2021,George00_rec24,55,LCN,2
03/15/2021,George00_rec24,56,LCN,2
03/15/2021,George00_rec24,57,LCN,2
03/15/2021,George00_rec24,58,LCN,2
03/15/2021,George00_rec24,59,LCN,2
03/15/2021,George00_rec24,60,LCN,2
03/15/2021,George00_rec24,61,LCN,2
03/15/2021,George00_rec24,62,LCN,2
03/15/2021,George00_rec24,63,LCN,2
03/15/2021,George00_rec24,64,LCN,2
03/15/2021,George00_rec24,65,RCN,3
03/15/2021,George00_rec24,66,RCN,3
03/15/2021,George00_rec24,67,RCN,3
03/15/2021,George00_rec24,68,RCN,3
03/15/2021,George00_rec24,69,RCN,3
03/15/2021,George00_rec24,70,RCN,3
03/15/2021,George00_rec24,71,RCN,3
03/15/2021,George00_rec24,72,RCN,3
03/15/2021,George00_rec24,73,RCN,3
03/15/2021,George00_rec24,74,RCN,3
03/15/2021,George00_rec24,75,RCN,3
03/15/2021,George00_rec24,76,RCN,3
03/15/2021,George00_rec24,77,RCN,3
03/15/2021,George00_rec24,78,RCN,3
03/15/2021,George00_rec24,79,RCN,3
03/15/2021,George00_rec24,80,RCN,3
03/15/2021,George00_rec24,81,RCN,3
03/15/2021,George00_rec24,82,RCN,3
03/15/2021,George00_rec24,83,RCN,3
03/15/2021,George00_rec24,84,RCN,3
03/15/2021,George00_rec24,85,RCN,3
03/15/2021,George00_rec24,86,RCN,3
03/15/2021,George00_rec24,87,RCN,3
03/15/2021,George00_rec24,88,RCN,3
03/15/2021,George00_rec24,89,RCN,3
03/15/2021,George00_rec24,90,RCN,3
03/15/2021,George00_rec24,91,RCN,3
03/15/2021,George00_rec24,92,RCN,3
03/15/2021,George00_rec24,93,RCN,3
03/15/2021,George00_rec24,94,RCN,3
03/15/2021,George00_rec24,95,RCN,3
03/15/2021,George00_rec24,96,RCN,3
03/15/2021,George00_rec24,97,RCN,4
03/15/2021,George00_rec24,98,RCN,4
03/15/2021,George00_rec24,99,RCN,4
03/15/2021,George00_rec24,100,RCN,4
03/15/2021,George00_rec24,101,RCN,4
03/15/2021,George00_rec24,102,RCN,4
03/15/2021,George00_rec24,103,RCN,4
03/15/2021,George00_rec24,104,RCN,4
03/15/2021,George00_rec24,105,RCN,4
03/15/2021,George00_rec24,106,RCN,4
03/15/2021,George00_rec24,107,RCN,4
03/15/2021,George00_rec24,108,RCN,4
03/15/2021,George00_rec24,109,RCN,4
03/15/2021,George00_rec24,110,RCN,4
03/15/2021,George00_rec24,111,RCN,4
03/15/2021,George00_rec24,112,RCN,4
03/15/2021,George00_rec24,113,RCN,4
03/15/2021,George00_rec24,114,RCN,4
03/15/2021,George00_rec24,115,RCN,4
03/15/2021,George00_rec24,116,RCN,4
03/15/2021,George00_rec24,117,RCN,4
03/15/2021,George00_rec24,118,RCN,4
03/15/2021,George00_rec24,119,RCN,4
03/15/2021,George00_rec24,120,RCN,4
03/15/2021,George00_rec24,121,RCN,4
03/15/2021,George00_rec24,122,RCN,4
03/15/2021,George00_rec24,123,RCN,4
03/15/2021,George00_rec24,124,RCN,4
03/15/2021,George00_rec24,125,RCN,4
03/15/2021,George00_rec24,126,RCN,4
03/15/2021,George00_rec24,127,RCN,4
03/15/2021,George00_rec24,128,RCN,4
03/19/2021,George00_rec25,1,LCN,1
03/19/2021,George00_rec25,2,LCN,1
03/19/2021,George00_rec25,3,LCN,1
03/19/2021,George00_rec25,4,LCN,1
03/19/2021,George00_rec25,5,LCN,1
03/19/2021,George00_rec25,6,LCN,1
03/19/2021,George00_rec25,7,LCN,1
03/19/2021,George00_rec25,8,LCN,1
03/19/2021,George00_rec25,9,LCN,1
03/19/2021,George00_rec25,10,LCN,1
03/19/2021,George00_rec25,11,LCN,1
03/19/2021,George00_rec25,12,LCN,1
03/19/2021,George00_rec25,13,LCN,1
03/19/2021,George00_rec25,14,LCN,1
03/19/2021,George00_rec25,15,LCN,1
03/19/2021,George00_rec25,16,LCN,1
03/19/2021,George00_rec25,17,LCN,1
03/19/2021,George00_rec25,18,LCN,1
03/19/2021,George00_rec25,19,LCN,1
03/19/2021,George00_rec25,20,LCN,1
03/19/2021,George00_rec25,21,LCN,1
03/19/2021,George00_rec25,22,LCN,1
03/19/2021,George00_rec25,23,LCN,1
03/19/2021,George00_rec25,24,LCN,1
03/19/2021,George00_rec25,25,LCN,1
03/19/2021,George00_rec25,26,LCN,1
03/19/2021,George00_rec25,27,LCN,1
03/19/2021,George00_rec25,28,LCN,1
03/19/2021,George00_rec25,29,LCN,1
03/19/2021,George00_rec25,30,LCN,1
03/19/2021,George00_rec25,31,LCN,1
03/19/2021,George00_rec25,32,LCN,1
03/19/2021,George00_rec25,33,LCN,2
03/19/2021,George00_rec25,34,LCN,2
03/19/2021,George00_rec25,35,LCN,2
03/19/2021,George00_rec25,36,LCN,2
03/19/2021,George00_rec25,37,LCN,2
03/19/2021,George00_rec25,38,LCN,2
03/19/2021,George00_rec25,39,LCN,2
03/19/2021,George00_rec25,40,LCN,2
03/19/2021,George00_rec25,41,LCN,2
03/19/2021,George00_rec25,42,LCN,2
03/19/2021,George00_rec25,43,LCN,2
03/19/2021,George00_rec25,44,LCN,2
03/19/2021,George00_rec25,45,LCN,2
03/19/2021,George00_rec25,46,LCN,2
03/19/2021,George00_rec25,47,LCN,2
03/19/2021,George00_rec25,48,LCN,2
03/19/2021,George00_rec25,49,LCN,2
03/19/2021,George00_rec25,50,LCN,2
03/19/2021,George00_rec25,51,LCN,2
03/19/2021,George00_rec25,52,LCN,2
03/19/2021,George00_rec25,53,LCN,2
03/19/2021,George00_rec25,54,LCN,2
03/19/2021,George00_rec25,55,LCN,2
03/19/2021,George00_rec25,56,LCN,2
03/19/2021,George00_rec25,57,LCN,2
03/19/2021,George00_rec25,58,LCN,2
03/19/2021,George00_rec25,59,LCN,2
03/19/2021,George00_rec25,60,LCN,2
03/19/2021,George00_rec25,61,LCN,2
03/19/2021,George00_rec25,62,LCN,2
03/19/2021,George00_rec25,63,LCN,2
03/19/2021,George00_rec25,64,LCN,2
03/19/2021,George00_rec25,65,RCN,3
03/19/2021,George00_rec25,66,RCN,3
03/19/2021,George00_rec25,67,RCN,3
03/19/2021,George00_rec25,68,RCN,3
03/19/2021,George00_rec25,69,RCN,3
03/19/2021,George00_rec25,70,RCN,3
03/19/2021,George00_rec25,71,RCN,3
03/19/2021,George00_rec25,72,RCN,3
03/19/2021,George00_rec25,73,RCN,3
03/19/2021,George00_rec25,74,RCN,3
03/19/2021,George00_rec25,75,RCN,3
03/19/2021,George00_rec25,76,RCN,3
03/19/2021,George00_rec25,77,RCN,3
03/19/2021,George00_rec25,78,RCN,3
03/19/2021,George00_rec25,79,RCN,3
03/19/2021,George00_rec25,80,RCN,3
03/19/2021,George00_rec25,81,RCN,3
03/19/2021,George00_rec25,82,RCN,3
03/19/2021,George00_rec25,83,RCN,3
03/19/2021,George00_rec25,84,RCN,3
03/19/2021,George00_rec25,85,RCN,3
03/19/2021,George00_rec25,86,RCN,3
03/19/2021,George00_rec25,87,RCN,3
03/19/2021,George00_rec25,88,RCN,3
03/19/2021,George00_rec25,89,RCN,3
03/19/2021,George00_rec25,90,RCN,3
03/19/2021,George00_rec25,91,RCN,3
03/19/2021,George00_rec25,92,RCN,3
03/19/2021,George00_rec25,93,RCN,3
03/19/2021,George00_rec25,94,RCN,3
03/19/2021,George00_rec25,95,RCN,3
03/19/2021,George00_rec25,96,RCN,3
03/19/2021,George00_rec25,97,RCN,4
03/19/2021,George00_rec25,98,RCN,4
03/19/2021,George00_rec25,99,RCN,4
03/19/2021,George00_rec25,100,RCN,4
03/19/2021,George00_rec25,101,RCN,4
03/19/2021,George00_rec25,102,RCN,4
03/19/2021,George00_rec25,103,RCN,4
03/19/2021,George00_rec25,104,RCN,4
03/19/2021,George00_rec25,105,RCN,4
03/19/2021,George00_rec25,106,RCN,4
03/19/2021,George00_rec25,107,RCN,4
03/19/2021,George00_rec25,108,RCN,4
03/19/2021,George00_rec25,109,RCN,4
03/19/2021,George00_rec25,110,RCN,4
03/19/2021,George00_rec25,111,RCN,4
03/19/2021,George00_rec25,112,RCN,4
03/19/2021,George00_rec25,113,RCN,4
03/19/2021,George00_rec25,114,RCN,4
03/19/2021,George00_rec25,115,RCN,4
03/19/2021,George00_rec25,116,RCN,4
03/19/2021,George00_rec25,117,RCN,4
03/19/2021,George00_rec25,118,RCN,4
03/19/2021,George00_rec25,119,RCN,4
03/19/2021,George00_rec25,120,RCN,4
03/19/2021,George00_rec25,121,RCN,4
03/19/2021,George00_rec25,122,RCN,4
03/19/2021,George00_rec25,123,RCN,4
03/19/2021,George00_rec25,124,RCN,4
03/19/2021,George00_rec25,125,RCN,4
03/19/2021,George00_rec25,126,RCN,4
03/19/2021,George00_rec25,127,RCN,4
03/19/2021,George00_rec25,128,RCN,4
